Material;Texto breve de material;Centro;Depósito;UM básica;Nome 1;Utilização livre;Trânsito e TE;Em ctrl.qualidade;Bloqueado;Estoque em trânsito;Estoque do bloqueio avaliado na EM;Tipo de material;Grupo de mercadorias;Descrição do depósito;Marc.p/elim.nív.dep.;Estq.não disponível;Devoluções;Vasilhame vinc.;Em transfer.(centro)
111306;TD 3P 13.8 0.22/0.127KV 30KVA GST01/905;BMUB;;PEÇ;PTF ENEL / CAMPOS / MANUT;0;10;0;0;10;0;ZMBT;FETR1502;;;0;0;0;0
111306;TD 3P 13.8 0.22/0.127KV 30KVA GST01/905;BMUB;BMUB;PEÇ;PTF ENEL / CAMPOS / MANUT;3;0;0;0;0;0;ZMBT;FETR1502;DEP. PTF ENEL;;0;0;0;0
111308;TD 3P 13.8 0.22/0.127KV 75KVA GST01/907;BMUB;BMUB;PEÇ;PTF ENEL / CAMPOS / MANUT;16;0;0;0;0;0;ZMBT;FETR1502;DEP. PTF ENEL;;0;0;0;0
111312;TD 2P 13.8 0.24/0.12KV 15KVA GST01/904;BMUB;;PEÇ;PTF ENEL / CAMPOS / MANUT;0;9;0;0;9;0;ZMBT;FETR1502;;;0;0;0;0
111312;TD 2P 13.8 0.24/0.12KV 15KVA GST01/904;BMUB;BMUB;PEÇ;PTF ENEL / CAMPOS / MANUT;14;0;0;0;0;0;ZMBT;FETR1502;DEP. PTF ENEL;;0;0;0;0
111319;TD 3P 13.8 0.22/0.127KV 150KVA GST01/908;BMUB;BMUB;PEÇ;PTF ENEL / CAMPOS / MANUT;12;0;0;0;0;0;ZMBT;FETR1502;DEP. PTF ENEL;;0;0;0;0
111323;TD 1P 7.97 0.24/0.12KV 15KVA GST01/903;BMUB;;PEÇ;PTF ENEL / CAMPOS / MANUT;0;1;0;0;1;0;ZMBT;FETR1502;;;0;0;0;0
111323;TD 1P 7.97 0.24/0.12KV 15KVA GST01/903;BMUB;BMUB;PEÇ;PTF ENEL / CAMPOS / MANUT;11;0;0;0;0;0;ZMBT;FETR1502;DEP. PTF ENEL;;0;0;0;0
111350;TRAFO TRIFASICO 15KVA   RECUPERADO;BMUB;BMUB;PEÇ;PTF ENEL / CAMPOS / MANUT;2;0;0;0;0;0;ZMBT;FETR0501;DEP. PTF ENEL;;0;0;0;0
111351;TRAFO TRIFASICO 30KVA   RECUPERADO;BMUB;BMUB;PEÇ;PTF ENEL / CAMPOS / MANUT;4;0;0;0;0;0;ZMBT;FETR0501;DEP. PTF ENEL;;0;0;0;0
111354;TRAFO TRIFASICO 112 5KVA   RECUPERADO;BMUB;BMUB;PEÇ;PTF ENEL / CAMPOS / MANUT;3;0;0;0;0;0;ZMBT;FETR0501;DEP. PTF ENEL;;0;0;0;0
111360;TRAFO TRI 300KVA MINERAL   RECUPERADO;BMUB;BMUB;PEÇ;PTF ENEL / CAMPOS / MANUT;1;0;0;0;0;0;ZMBT;FETR0503;DEP. PTF ENEL;;0;0;0;0
111373;TRAFO DIST BIFASICO 10KVA   A RECUPERAR;BMUB;BMUB;PEÇ;PTF ENEL / CAMPOS / MANUT;2;0;0;0;0;0;ZMBT;FETR0501;DEP. PTF ENEL;;0;0;0;0
111375;TRAFO DIST BIFASICO 25KVA A RECUPERAR;BMUB;BMUB;PEÇ;PTF ENEL / CAMPOS / MANUT;4;0;0;0;0;0;ZMBT;FETR1100;DEP. PTF ENEL;;0;0;0;0
111378;TRAFO TRI 150KVA MINERAL A RECUPERAR;BMUB;BMUB;PEÇ;PTF ENEL / CAMPOS / MANUT;1;0;0;0;0;0;ZMBT;FETR0501;DEP. PTF ENEL;;0;0;0;0
111381;TRAFO DIST MONO 10KVA   A RECUPERAR;BMUB;BMUB;PEÇ;PTF ENEL / CAMPOS / MANUT;7;0;0;0;0;0;ZMBT;FETR1100;DEP. PTF ENEL;;0;0;0;0
111385;TRAFO DIST MONO RURAL 5KVA   A RECUPERAR;BMUB;BMUB;PEÇ;PTF ENEL / CAMPOS / MANUT;2;0;0;0;0;0;ZMBT;FETR0501;DEP. PTF ENEL;;0;0;0;0
111386;TRAFO DIST BIF RURAL 5KVA   A RECUPERAR;BMUB;BMUB;PEÇ;PTF ENEL / CAMPOS / MANUT;3;0;0;0;0;0;ZMBT;FETR0501;DEP. PTF ENEL;;0;0;0;0
111706;TRAFO DIST BIFASICO 15KVA   SUCATA;BMUB;BMUB;UN;PTF ENEL / CAMPOS / MANUT;7;0;0;0;0;0;ZMAT;FETR1502;DEP. PTF ENEL;;0;0;0;0
111707;TRAFO TRIFASICO 30KVA   SUCATA;BMUB;BMUB;UN;PTF ENEL / CAMPOS / MANUT;9;0;0;0;0;0;ZMAT;FETR1502;DEP. PTF ENEL;;0;0;0;0
111709;TRAFO TRIFASICO 75KVA   SUCATA;BMUB;BMUB;PEÇ;PTF ENEL / CAMPOS / MANUT;3;0;0;0;0;0;ZMAT;FETR1502;DEP. PTF ENEL;;0;0;0;0
111710;TRAFO TRIFASICO 15KVA   SUCATA;BMUB;BMUB;PEÇ;PTF ENEL / CAMPOS / MANUT;1;0;0;0;0;0;ZMAT;FETR1502;DEP. PTF ENEL;;0;0;0;0
111940;TRAFO TRIFASICO 45KVA   SUCATA;BMUB;BMUB;UN;PTF ENEL / CAMPOS / MANUT;4;0;0;0;0;0;ZMAT;FETR1502;DEP. PTF ENEL;;0;0;0;0
130694;DISJUNTOR TERM 1P  63A 240 3.0KA IR EBT4;BMUB;BMUB;UN;PTF ENEL / CAMPOS / MANUT;25;0;0;0;0;0;ZMBT;FEIN0800;DEP. PTF ENEL;;0;0;0;0
130726;DISJUNTOR TRIPOLAR  100 A;BMUB;BMUB;PEÇ;PTF ENEL / CAMPOS / MANUT;2;0;0;0;0;0;ZMBT;FEIN0800;DEP. PTF ENEL;;0;0;0;0
130732;DISJUNTOR TERM BIPOLAR 50A PM1715 I5 R11;BMUB;BMUB;PEÇ;PTF ENEL / CAMPOS / MANUT;2;0;0;0;0;0;ZMBT;FEIN0800;DEP. PTF ENEL;;0;0;0;0
130746;DISJUNTOR TERM BIPOLAR 40A PM1715 I4 R11;BMUB;BMUB;PEÇ;PTF ENEL / CAMPOS / MANUT;184;0;0;0;0;0;ZMBT;FEIN0800;DEP. PTF ENEL;;0;0;0;0
130866;PORTA FUSIVEL 15KV TIPO C 100A ET 277   ;BMUB;BMUB;PEÇ;PTF ENEL / CAMPOS / MANUT;75;0;0;0;0;0;ZMBT;FESE0200;DEP. PTF ENEL;;0;0;0;0
141285;CHAVE SECC BY PASS  400A 15KV PM R198.02;BMUB;BMUB;PEÇ;PTF ENEL / CAMPOS / MANUT;9;0;0;0;0;0;ZMBT;FESE0701;DEP. PTF ENEL;;0;0;0;0
141296;SEC UNIPOLAR 17 5KV 400A 350MM D198.03;BMUB;BMUB;PEÇ;PTF ENEL / CAMPOS / MANUT;99;0;0;0;0;0;ZMBT;FESE0701;DEP. PTF ENEL;;0;0;0;0
141297;SEC UNIPOLAR 17 5KV 630A 350MM D198.03;BMUB;BMUB;PEÇ;PTF ENEL / CAMPOS / MANUT;66;0;0;0;0;0;ZMBT;FESE0701;DEP. PTF ENEL;;0;0;0;0
141386;RELIGADO 630A 27KV 12 5KA 3F A RECUPERAR;BMUB;BMUB;UN;PTF ENEL / CAMPOS / MANUT;9;0;0;0;0;0;ZMBT;FESE0200;DEP. PTF ENEL;;0;0;0;0
141389;RELIGADOR 1F 15KV 100A NTE047/01;BMUB;BMUB;PEÇ;PTF ENEL / CAMPOS / MANUT;3;0;0;0;0;0;ZMBT;FESE0200;DEP. PTF ENEL;;0;0;0;0
141443;SECCIONADORA UNIP 630A 15KV PM219 SUCATA;BMUB;BMUB;PEÇ;PTF ENEL / CAMPOS / MANUT;0;0;0;0;0;0;ZMAT;FESE0400;DEP. PTF ENEL;;0;0;0;0
141467;SEC UNIPOLAR 34.5KV 630A 1750MM D198.03;BMUB;;PEÇ;PTF ENEL / CAMPOS / MANUT;0;1;0;0;1;0;ZMBT;FESE0701;;;0;0;0;0
141980;RELIGADOR 1F 27KV  100A OP.3F D199.62;BMUB;BMUB;CDA;PTF ENEL / CAMPOS / MANUT;5;0;0;0;0;0;ZMBT;FESE0200;DEP. PTF ENEL;;0;0;0;0
142047;RELIG 3F 15KV 12 5KA LITIO PM BR 199.83;BMUB;BMUB;CDA;PTF ENEL / CAMPOS / MANUT;2;0;0;0;0;0;ZMBT;FEQE0606;DEP. PTF ENEL;;0;0;0;0
150751;CHAVE FACA UNIP 400A FP SUBST P/6783749;BMUB;BMUB;PEÇ;PTF ENEL / CAMPOS / MANUT;92;0;0;0;0;0;ZMBT;FERP0200;DEP. PTF ENEL;;0;0;0;0
150763;SEC UNIPOLAR 17 5KV 400A 438MM D198.03;BMUB;BMUB;PEÇ;PTF ENEL / CAMPOS / MANUT;97;0;0;0;0;0;ZMBT;FESE0701;DEP. PTF ENEL;;0;0;0;0
160232;KIT CONTENCAO EMERG AMBIENTAL ABSORV LIQ;BMUB;BMUB;PI;PTF ENEL / CAMPOS / MANUT;19;0;0;0;0;0;ZMBT;FZDS0200;DEP. PTF ENEL;;0;0;0;0
160272;COBERTURA FLEXIVEL P/ CONDUTOR DE 15KV D;BMUB;BMUB;PI;PTF ENEL / CAMPOS / MANUT;10;0;0;0;0;0;ZAT;FELC1500;DEP. PTF ENEL;;0;0;0;0
164219;BATERIA ESTAC. VLRA 12V 26AH/20H  ET 275;BMUB;BMUB;UN;PTF ENEL / CAMPOS / MANUT;5;0;0;0;0;0;ZMBT;FEAP0100;DEP. PTF ENEL;;0;0;0;0
164513;CX DISJ TERM TRIFASICO ATE 125A PM2145I1;BMUB;BMUB;PEÇ;PTF ENEL / CAMPOS / MANUT;16;0;0;0;0;0;ZMBT;FEAT0101;DEP. PTF ENEL;;0;0;0;0
164521;LUVA EMEND ISOL AL BT 70MM2 PM R720.24.0;BMUB;BMUB;PEÇ;PTF ENEL / CAMPOS / MANUT;42;0;0;0;0;0;ZMBT;FEMI0400;DEP. PTF ENEL;;0;0;0;0
164598;CAIXA BIPARTIDA MEDIDOR MONO PMA190.13.0;BMUB;BMUB;UN;PTF ENEL / CAMPOS / MANUT;40;0;0;0;0;0;ZMBT;FEAT0101;DEP. PTF ENEL;;0;0;0;0
164621;BATERIA SELADA VRLA 12V 24AH/10H GSCB001;BMUB;BMUB;PEÇ;PTF ENEL / CAMPOS / MANUT;2;0;0;0;0;0;ZMBT;FEAP0100;DEP. PTF ENEL;;0;0;0;0
164676;GRAMPO LINHA VIVA 4/0AWG/ 185MM2 TIPO 4;BMUB;BMUB;UN;PTF ENEL / CAMPOS / MANUT;25;0;0;0;0;0;ZMBT;FEEM1400;DEP. PTF ENEL;;0;0;0;0
164682;CB AL NU 4AWG CA  SUCATA;BMUB;BMUB;KG;PTF ENEL / CAMPOS / MANUT;3;0;0;0;0;0;ZMAT;FEMI0400;DEP. PTF ENEL;;0;0;0;0
164689;BANCO CAPAC 13 8KV MAN 1X4 8MVAR SUCATA;BMUB;BMUB;UN;PTF ENEL / CAMPOS / MANUT;7;0;0;0;0;0;ZMAT;FECO0202;DEP. PTF ENEL;;0;0;0;0
164706;CAIXA DERIVACAO 160A   GSCC019/1;BMUB;BMUB;PEÇ;PTF ENEL / CAMPOS / MANUT;9;0;0;0;0;0;ZMBT;FEAT0103;DEP. PTF ENEL;;0;0;0;0
164943;CRUZETA POLIM 2400MM RETANG D315.01;BMUB;BMUB;UN;PTF ENEL / CAMPOS / MANUT;190;0;0;0;0;0;ZMBT;FESO2100;DEP. PTF ENEL;;0;0;0;0
165015;UP TELECONTROL PARA INSTALACION EXTERIOR;BMUB;BMUB;CDA;PTF ENEL / CAMPOS / MANUT;3;0;0;0;0;0;ZMBT;FTTE0500;DEP. PTF ENEL;;0;0;0;0
165076;SACOLA PARA MANGA DE BORRACHA EQS;BMUB;BMUB;PEÇ;PTF ENEL / CAMPOS / MANUT;10;0;0;0;0;0;ZMBT;FZMO1000;DEP. PTF ENEL;;0;0;0;0
166481;BATERIA NI MH  9V ALCALINA;BMUB;BMUB;UN;PTF ENEL / CAMPOS / MANUT;6;0;0;0;0;0;ZMBT;FOCA0201;DEP. PTF ENEL;;0;0;0;0
170041;ELO FUS 5A H GSCM012/64;BMUB;BMUB;CDA;PTF ENEL / CAMPOS / MANUT;854;0;0;0;0;0;ZMBT;FEFU0200;DEP. PTF ENEL;;0;0;0;0
170042;ELO FUS 3A H GSCM012/63;BMUB;BMUB;CDA;PTF ENEL / CAMPOS / MANUT;1030;0;0;0;0;0;ZMBT;FEFU0200;DEP. PTF ENEL;;0;0;0;0
170043;ELO FUS 2A H GSCM012/62;BMUB;BMUB;CDA;PTF ENEL / CAMPOS / MANUT;1296;0;0;0;0;0;ZMBT;FEFU0200;DEP. PTF ENEL;;0;0;0;0
170044;ELO FUS 1A H GSCM012/61;BMUB;BMUB;CDA;PTF ENEL / CAMPOS / MANUT;187;0;0;0;0;0;ZMBT;FEFU0200;DEP. PTF ENEL;;0;0;0;0
170064;ELO FUS 25A K GSCM012/29;BMUB;BMUB;CDA;PTF ENEL / CAMPOS / MANUT;1366;0;0;0;0;0;ZMBT;FEFU0200;DEP. PTF ENEL;;0;0;0;0
170066;ELO FUS 16A K GSCM012/27;BMUB;BMUB;CDA;PTF ENEL / CAMPOS / MANUT;1124;0;0;0;0;0;ZMBT;FEFU0200;DEP. PTF ENEL;;0;0;0;0
170067;ELO FUS 12 5A K GSCM012/26;BMUB;BMUB;CDA;PTF ENEL / CAMPOS / MANUT;200;0;0;0;0;0;ZMBT;FEFU0200;DEP. PTF ENEL;;0;0;0;0
170068;ELO FUS 10A K GSCM012/25;BMUB;BMUB;CDA;PTF ENEL / CAMPOS / MANUT;1895;0;0;0;0;0;ZMBT;FEFU0200;DEP. PTF ENEL;;0;0;0;0
170069;ELO FUS 8A K GSCM012/24;BMUB;BMUB;CDA;PTF ENEL / CAMPOS / MANUT;631;0;0;0;0;0;ZMBT;FEFU0200;DEP. PTF ENEL;;0;0;0;0
170074;CH FUS 24KV E LINEAR 8KA GSCM012/2;BMUB;BMUB;CDA;PTF ENEL / CAMPOS / MANUT;48;0;0;0;0;0;ZMBT;FEFU0200;DEP. PTF ENEL;;0;0;0;0
170075;CH FUS 24KV D LINEAR 8KA GSCM012/1;BMUB;BMUB;CDA;PTF ENEL / CAMPOS / MANUT;16;0;0;0;0;0;ZMBT;FEFU0200;DEP. PTF ENEL;;0;0;0;0
171060;RELIGADOR 1F 27KV  200A O 1CO D199.62;BMUB;BMUB;UN;PTF ENEL / CAMPOS / MANUT;1;0;0;0;0;0;ZMBT;FESE0200;DEP. PTF ENEL;;0;0;0;0
171093;ELO FUS DISTRIB 15/36KV 6A K D138.01;BMUB;BMUB;UN;PTF ENEL / CAMPOS / MANUT;682;0;0;0;0;0;ZMBT;FEFU0200;DEP. PTF ENEL;;0;0;0;0
171096;ELO FUS DISTRIB 15/36KV 12A K D138.01;BMUB;BMUB;UN;PTF ENEL / CAMPOS / MANUT;400;0;0;0;0;0;ZMBT;FEFU0200;DEP. PTF ENEL;;0;0;0;0
171119;ELO FUS DISTRIB 15/36KV 25A K D138.01;BMUB;BMUB;PEÇ;PTF ENEL / CAMPOS / MANUT;120;0;0;0;0;0;ZMBT;FEFU0200;DEP. PTF ENEL;;0;0;0;0
171120;ELO FUS DISTRIB 15/36KV 40A K D138.01;BMUB;BMUB;PEÇ;PTF ENEL / CAMPOS / MANUT;500;0;0;0;0;0;ZMBT;FEFU0200;DEP. PTF ENEL;;0;0;0;0
171121;ELO FUS DISTRIB 15/36KV 50A K D138.01;BMUB;BMUB;PEÇ;PTF ENEL / CAMPOS / MANUT;399;0;0;0;0;0;ZMBT;FEFU0200;DEP. PTF ENEL;;0;0;0;0
171122;CHAVE FUS AZ 15KV 100A C POLIM ET 277;BMUB;BMUB;PEÇ;PTF ENEL / CAMPOS / MANUT;1;0;0;0;0;0;ZMBT;FESE0200;DEP. PTF ENEL;;0;0;0;0
171140;PORTA FUSIVEL GRAMPO LINHA VIVA D2256 FP;BMUB;BMUB;PEÇ;PTF ENEL / CAMPOS / MANUT;40;0;0;0;0;0;ZMBT;FEFU0100;DEP. PTF ENEL;;0;0;0;0
171221;PARA RAIOS DH T POL 30KV E GSCC016/10;BMUB;BMUB;PEÇ;PTF ENEL / CAMPOS / MANUT;13;0;0;0;0;0;ZMBT;FESC0106;DEP. PTF ENEL;;0;0;0;0
200207;GRAMPO LINHA VIVA TIPO 1 D710.70;BMUB;BMUB;CDA;PTF ENEL / CAMPOS / MANUT;552;0;0;0;0;0;ZMBT;FEEM1400;DEP. PTF ENEL;;0;0;0;0
200250;SUPORTE L ACO CARBONO PM BR410.35;BMUB;BMUB;CDA;PTF ENEL / CAMPOS / MANUT;231;0;0;0;0;0;ZMBT;FEEM1400;DEP. PTF ENEL;;0;0;0;0
201318;TERM AGR CB POT 12/20KV 35 150MM2 D72521;BMUB;BMUB;UN;PTF ENEL / CAMPOS / MANUT;1;0;0;0;0;0;ZAT;FEEM0100;DEP. PTF ENEL;;0;0;0;0
201381;SUPORTE P/CHAVE BY PASS  DED 1948 R.5;BMUB;BMUB;PEÇ;PTF ENEL / CAMPOS / MANUT;5;0;0;0;0;0;ZMBT;FEEM1400;DEP. PTF ENEL;;0;0;0;0
201383;CONEC TERM COMPR AL 95MM2 2F D71038;BMUB;BMUB;PEÇ;PTF ENEL / CAMPOS / MANUT;19;0;0;0;0;0;ZMBT;FEEM1400;DEP. PTF ENEL;;0;0;0;0
201385;ARRUELA LIGA DE ALUMINIO DED 1256;BMUB;BMUB;PEÇ;PTF ENEL / CAMPOS / MANUT;1018;0;0;0;0;0;ZMBT;FMCF0100;DEP. PTF ENEL;;0;0;0;0
201388;CONECTOR TERM COMPR CU 70MM2 2F D71048;BMUB;BMUB;PEÇ;PTF ENEL / CAMPOS / MANUT;50;0;0;0;0;0;ZMBT;FEEM1400;DEP. PTF ENEL;;0;0;0;0
201389;CONEC TERM COMPR AL 50MM2 2F D71038;BMUB;BMUB;PEÇ;PTF ENEL / CAMPOS / MANUT;242;0;0;0;0;0;ZMBT;FEEM1400;DEP. PTF ENEL;;0;0;0;0
201398;CONEC TERM COMP MED CB 70MM2 PM2092I8R8;BMUB;BMUB;PEÇ;PTF ENEL / CAMPOS / MANUT;48;0;0;0;0;0;ZMBT;FEEM1400;DEP. PTF ENEL;;0;0;0;0
201406;CONEC TERM COMPR AL 25MM2 1F D71038;BMUB;BMUB;PEÇ;PTF ENEL / CAMPOS / MANUT;227;0;0;0;0;0;ZMBT;FEEM1400;DEP. PTF ENEL;;0;0;0;0
201407;CONEC TERM COMPR AL 150MM2 2F D71038;BMUB;BMUB;PEÇ;PTF ENEL / CAMPOS / MANUT;9;0;0;0;0;0;ZMBT;FEEM1400;DEP. PTF ENEL;;0;0;0;0
201437;CONECTOR TERM COND AL 95MM PM2251I3R0;BMUB;BMUB;PEÇ;PTF ENEL / CAMPOS / MANUT;23;0;0;0;0;0;ZMBT;FEEM0200;DEP. PTF ENEL;;0;0;0;0
201439;CONECTOR CUNHA ATERR 4 7 8MM PM71040;BMUB;BMUB;PEÇ;PTF ENEL / CAMPOS / MANUT;231;0;0;0;0;0;ZMBT;FELC0800;DEP. PTF ENEL;;0;0;0;0
201440;PINO TOPO ISOL PILAR ACO GALV PM 2162 I2;BMUB;BMUB;PEÇ;PTF ENEL / CAMPOS / MANUT;17;0;0;0;0;0;ZMBT;FEEM1400;DEP. PTF ENEL;;0;0;0;0
201501;CB ACO CU ATERR 35MM2 D80502 SUCATA;BMUB;BMUB;UN;PTF ENEL / CAMPOS / MANUT;342;0;0;0;0;0;ZMAT;FEEM0300;DEP. PTF ENEL;;0;0;0;0
201626;CONEC CUN AL I10 D=27.02 31.22MM D71054;BMUB;BMUB;UN;PTF ENEL / CAMPOS / MANUT;131;0;0;0;0;0;ZMBT;FELC0800;DEP. PTF ENEL;;0;0;0;0
230061;POSTE CONC CIRC 12/600 GSS002/05;BMUB;BMUB;CDA;PTF ENEL / CAMPOS / MANUT;56;0;0;0;0;0;ZMBT;FESO1600;DEP. PTF ENEL;;0;0;0;0
230064;POSTE CONC CIRC 10/600 GSS002/02;BMUB;BMUB;CDA;PTF ENEL / CAMPOS / MANUT;23;0;0;0;0;0;ZMBT;FESO1600;DEP. PTF ENEL;;0;0;0;0
230207;POSTE FIBRA 12MX1000 GSS004/32;BMUB;BMUB;CDA;PTF ENEL / CAMPOS / MANUT;11;0;0;0;0;0;ZMBT;FESO2100;DEP. PTF ENEL;;0;0;0;0
230210;POSTE FIBRA 12MX600 GSS004/19;BMUB;BMUB;CDA;PTF ENEL / CAMPOS / MANUT;8;0;0;0;0;0;ZMBT;FESO2100;DEP. PTF ENEL;;0;0;0;0
230213;POSTE FIBRA 10MX300 GSS004/05;BMUB;BMUB;CDA;PTF ENEL / CAMPOS / MANUT;17;0;0;0;0;0;ZMBT;FESO2100;DEP. PTF ENEL;;0;0;0;0
230349;LENCOL DE BORRACHA ISOLANTE DE 15 KV SEM;BMUB;BMUB;PI;PTF ENEL / CAMPOS / MANUT;90;0;0;0;0;0;ZAT;FZDS0200;DEP. PTF ENEL;;0;0;0;0
230350;BASTAO GARRA FB VIDRO 38X2670MM;BMUB;BMUB;PI;PTF ENEL / CAMPOS / MANUT;4;0;0;0;0;0;ZMBT;FEEM2000;DEP. PTF ENEL;;0;0;0;0
230367;CRUZETA POLIM 2000MM RETAN D315.01;BMUB;BMUB;CDA;PTF ENEL / CAMPOS / MANUT;65;0;0;0;0;0;ZMBT;FESO2100;DEP. PTF ENEL;;0;0;0;0
231163;CRUZETA CONC DIV TAM INSERVIVEL NO ESTAD;BMUB;BMUB;PEÇ;PTF ENEL / CAMPOS / MANUT;22;0;0;0;0;0;ZMBT;FESO1600;DEP. PTF ENEL;;0;0;0;0
231308;CRUZETA  MADEIRA 5M  DED 1790 R.2 UN;BMUB;BMUB;PEÇ;PTF ENEL / CAMPOS / MANUT;4;0;0;0;0;0;ZMBT;FESO1700;DEP. PTF ENEL;;0;0;0;0
231332;CRUZETA POLIM 2000MM QUAD D315.01;BMUB;BMUB;PEÇ;PTF ENEL / CAMPOS / MANUT;1;0;0;0;0;0;ZMBT;FESO2100;DEP. PTF ENEL;;0;0;0;0
231438;CRUZETA  POLIMERICA 2400MM RETANG 1(SUC);BMUB;BMUB;UN;PTF ENEL / CAMPOS / MANUT;70;0;0;0;0;0;ZMAT;FEMI0400;DEP. PTF ENEL;;0;0;0;0
240094;SUPORTE FIXACAO CIRC 260 340MM GSCC010;BMUB;BMUB;UN;PTF ENEL / CAMPOS / MANUT;2;0;0;0;0;0;ZMBT;FEEM1400;DEP. PTF ENEL;;0;0;0;0
240099;ARMACAO SEC AZ 2ESTR C/HASTE D520.01.0;BMUB;BMUB;UN;PTF ENEL / CAMPOS / MANUT;91;0;0;0;0;0;ZMBT;FEEM1400;DEP. PTF ENEL;;0;0;0;0
240100;ARMACAO SEC AL 2ESTR C/HASTE D90511.1;BMUB;BMUB;UN;PTF ENEL / CAMPOS / MANUT;39;0;0;0;0;0;ZMBT;FEEM1400;DEP. PTF ENEL;;0;0;0;0
240116;ARMACAO SEC AZ 1ESTR C/HASTE D520.01.0;BMUB;BMUB;PEÇ;PTF ENEL / CAMPOS / MANUT;168;0;0;0;0;0;ZMBT;FEEM1400;DEP. PTF ENEL;;0;0;0;0
240118;MAO FRANCESA PERFIL LG AL 993MM PM1259I1;BMUB;BMUB;PEÇ;PTF ENEL / CAMPOS / MANUT;165;0;0;0;0;0;ZMBT;FEEM1400;DEP. PTF ENEL;;0;0;0;0
240119;MAO FRANCESA PLANA LIGA AL. DED 1260 R.2;BMUB;BMUB;PEÇ;PTF ENEL / CAMPOS / MANUT;126;0;0;0;0;0;ZMBT;FEEM1400;DEP. PTF ENEL;;0;0;0;0
240120;MAO FRANCESA AZ PERFILADA 1534MM D43001;BMUB;BMUB;PEÇ;PTF ENEL / CAMPOS / MANUT;57;0;0;0;0;0;ZMBT;FEEM1400;DEP. PTF ENEL;;0;0;0;0
240121;MAO FRANCESA AZ PERFILADA  993MM D43001;BMUB;BMUB;PEÇ;PTF ENEL / CAMPOS / MANUT;308;0;0;0;0;0;ZMBT;FEEM1400;DEP. PTF ENEL;;0;0;0;0
240131;BRACO AFAST HOR 1650MM AZ D457.01;BMUB;BMUB;PEÇ;PTF ENEL / CAMPOS / MANUT;3;0;0;0;0;0;ZMBT;FEEM1400;DEP. PTF ENEL;;0;0;0;0
240133;CINTA DT AL 180MM D90420.0;BMUB;BMUB;UN;PTF ENEL / CAMPOS / MANUT;9;0;0;0;0;0;ZMBT;FEEM1400;DEP. PTF ENEL;;0;0;0;0
250063;CINTA LIGA DE ELO DE TECIDO SINTETICO  ;BMUB;BMUB;CDA;PTF ENEL / CAMPOS / MANUT;6;0;0;0;0;0;ZAT;FEEM2000;DEP. PTF ENEL;;0;0;0;0
250080;PARAFUSO DE SELA  RM4740  FERRO NODULAR ;BMUB;BMUB;CDA;PTF ENEL / CAMPOS / MANUT;11;0;0;0;0;0;ZMBT;FEEM2000;DEP. PTF ENEL;;0;0;0;0
250083;PEGADOR DE BOBINA;BMUB;BMUB;CDA;PTF ENEL / CAMPOS / MANUT;1;0;0;0;0;0;ZMBT;FEEM2000;DEP. PTF ENEL;;0;0;0;0
251709;ESPAC LOSAN RC 15KV INST. SOLO D53001;BMUB;BMUB;UN;PTF ENEL / CAMPOS / MANUT;61;0;0;0;0;0;ZMBT;FELC1700;DEP. PTF ENEL;;0;0;0;0
251712;CONJ GRAMPO ANCORAGEM D45059.0;BMUB;BMUB;UN;PTF ENEL / CAMPOS / MANUT;5;0;0;0;0;0;ZMBT;FEEM1901;DEP. PTF ENEL;;0;0;0;0
251713;GRAMPO SUSP CABO SUST 50MM2 GSCC010;BMUB;BMUB;UN;PTF ENEL / CAMPOS / MANUT;2;0;0;0;0;0;ZMBT;FEEM1400;DEP. PTF ENEL;;0;0;0;0
251765;ALCA PREF ACO PRE REUN CA 54.6MM2 D73006;BMUB;BMUB;UN;PTF ENEL / CAMPOS / MANUT;26;0;0;0;0;0;ZMBT;FEEM1400;DEP. PTF ENEL;;0;0;0;0
251774;ALCA PREF DIST CU NU  70MM2 D73001 FPM;BMUB;BMUB;UN;PTF ENEL / CAMPOS / MANUT;76;0;0;0;0;0;ZMBT;FEEM1400;DEP. PTF ENEL;;0;0;0;0
251777;ALCA DISTRIB CU NU  35MM2 D73001 FPM;BMUB;BMUB;UN;PTF ENEL / CAMPOS / MANUT;20;0;0;0;0;0;ZMBT;FEEM1400;DEP. PTF ENEL;;0;0;0;0
251797;OLHAL AZ 5000DAN M16 PM BR/D41005.1;BMUB;BMUB;UN;PTF ENEL / CAMPOS / MANUT;195;0;0;0;0;0;ZMBT;FEEM1400;DEP. PTF ENEL;;0;0;0;0
251800;ARMACAO SEC AL 1ESTR C/HASTE D90510.1;BMUB;BMUB;UN;PTF ENEL / CAMPOS / MANUT;25;0;0;0;0;0;ZMBT;FEEM1400;DEP. PTF ENEL;;0;0;0;0
251814;GANCHO OLHAL AZ SUSP 5000DAN D51004.0;BMUB;BMUB;UN;PTF ENEL / CAMPOS / MANUT;815;0;0;0;0;0;ZMBT;FEEM0701;DEP. PTF ENEL;;0;0;0;0
251817;MANILHA SAPATILHA AZ 5000DAN D51003.0;BMUB;BMUB;UN;PTF ENEL / CAMPOS / MANUT;257;0;0;0;0;0;ZMBT;FEEM1400;DEP. PTF ENEL;;0;0;0;0
251825;FITA DE ALUMINO 1 X 10MM D76002.1;BMUB;BMUB;KG;PTF ENEL / CAMPOS / MANUT;6;0;0;0;0;0;ZMBT;FEEM1400;DEP. PTF ENEL;;0;0;0;0
251831;PERFIL U 900MM ACO PMBR440.02;BMUB;BMUB;PEÇ;PTF ENEL / CAMPOS / MANUT;3;0;0;0;0;0;ZMBT;FEEM1400;DEP. PTF ENEL;;0;0;0;0
251832;CINTA P/POSTE CIRC 150MM D435.07;BMUB;BMUB;PEÇ;PTF ENEL / CAMPOS / MANUT;48;0;0;0;0;0;ZMBT;FEEM1400;DEP. PTF ENEL;;0;0;0;0
251833;CINTA P/POSTE CIRC 170MM D435.07;BMUB;BMUB;PEÇ;PTF ENEL / CAMPOS / MANUT;365;0;0;0;0;0;ZMBT;FEEM1400;DEP. PTF ENEL;;0;0;0;0
251834;CINTA P/POSTE CIRC 190MM D435.07;BMUB;BMUB;PEÇ;PTF ENEL / CAMPOS / MANUT;274;0;0;0;0;0;ZMBT;FEEM1400;DEP. PTF ENEL;;0;0;0;0
251835;CINTA P/POSTE CIRC 210MM D435.07;BMUB;BMUB;PEÇ;PTF ENEL / CAMPOS / MANUT;252;0;0;0;0;0;ZMBT;FEEM1400;DEP. PTF ENEL;;0;0;0;0
251837;CINTA P/POSTE CIRC 330MM D435.07;BMUB;BMUB;PEÇ;PTF ENEL / CAMPOS / MANUT;2;0;0;0;0;0;ZMBT;FEEM1400;DEP. PTF ENEL;;0;0;0;0
251838;SELA P/ CRUZETA AZ 116MM 58MM D470.08;BMUB;BMUB;PEÇ;PTF ENEL / CAMPOS / MANUT;136;0;0;0;0;0;ZMBT;FEEM0701;DEP. PTF ENEL;;0;0;0;0
251839;SUPOR TRAFO POSTE CIRC 225MM TP1 D421.01;BMUB;BMUB;PEÇ;PTF ENEL / CAMPOS / MANUT;128;0;0;0;0;0;ZMBT;FEEM1400;DEP. PTF ENEL;;0;0;0;0
251842;SUP TRAFO DT A=170MM B=105MM D421.02;BMUB;BMUB;PEÇ;PTF ENEL / CAMPOS / MANUT;21;0;0;0;0;0;ZMBT;FEEM1400;DEP. PTF ENEL;;0;0;0;0
251843;SUP TRAFO DT A=180MM B=115MM D421.02;BMUB;BMUB;PEÇ;PTF ENEL / CAMPOS / MANUT;37;0;0;0;0;0;ZMBT;FEEM1400;DEP. PTF ENEL;;0;0;0;0
251845;CINTA POSTE DT AZ 180X60MM D435.06;BMUB;BMUB;PEÇ;PTF ENEL / CAMPOS / MANUT;5;0;0;0;0;0;ZMBT;FEEM1400;DEP. PTF ENEL;;0;0;0;0
251850;CINTA POSTE CIRC.AL 290MM PM 1257 I15 R3;BMUB;BMUB;PEÇ;PTF ENEL / CAMPOS / MANUT;1;0;0;0;0;0;ZMBT;FEEM1400;DEP. PTF ENEL;;0;0;0;0
251851;SELA  CRUZETA LIGA ALUMINIO  DED 1265 R2;BMUB;BMUB;PEÇ;PTF ENEL / CAMPOS / MANUT;180;0;0;0;0;0;ZMBT;FEEM1400;DEP. PTF ENEL;;0;0;0;0
251852;SUPORTE CH. C.CIRC/P.RAIOS AL DED 1859;BMUB;BMUB;PEÇ;PTF ENEL / CAMPOS / MANUT;103;0;0;0;0;0;ZMBT;FEEM1400;DEP. PTF ENEL;;0;0;0;0
251854;CINTA AJUST.POSTE BAP3 1200MM D1742I2 FP;BMUB;BMUB;PEÇ;PTF ENEL / CAMPOS / MANUT;44;0;0;0;0;0;ZMBT;FEEM1400;DEP. PTF ENEL;;0;0;0;0
251855;SUPORTE Z AZ 113MM  P/ CH FUS/PR D436.01;BMUB;;PEÇ;PTF ENEL / CAMPOS / MANUT;0;45;0;0;45;0;ZMBT;FEEM0701;;;0;0;0;0
251855;SUPORTE Z AZ 113MM  P/ CH FUS/PR D436.01;BMUB;BMUB;PEÇ;PTF ENEL / CAMPOS / MANUT;21;0;0;0;0;0;ZMBT;FEEM0701;DEP. PTF ENEL;;0;0;0;0
251856;ALCA PREF ACO PRE REUN 25MM2 D73006 FPM;BMUB;BMUB;PEÇ;PTF ENEL / CAMPOS / MANUT;16;0;0;0;0;0;ZMBT;FEEM1400;DEP. PTF ENEL;;0;0;0;0
251857;ALCA PRE FORM. P/CB CONC 10MM (BI);BMUB;BMUB;PEÇ;PTF ENEL / CAMPOS / MANUT;52;0;0;0;0;0;ZMBT;FEEM2000;DEP. PTF ENEL;;0;0;0;0
251859;ALCA PREF ACO PRE REUN 35MM2 D73006 FPM;BMUB;BMUB;PEÇ;PTF ENEL / CAMPOS / MANUT;38;0;0;0;0;0;ZMBT;FEEM1400;DEP. PTF ENEL;;0;0;0;0
251861;ALCA PREF ACO CAL 70MM2 D73006 FPM;BMUB;BMUB;PEÇ;PTF ENEL / CAMPOS / MANUT;44;0;0;0;0;0;ZMBT;FEEM1400;DEP. PTF ENEL;;0;0;0;0
251865;LACO PREF ACO PRE REUN 70MM2 D73006 FPM;BMUB;BMUB;PEÇ;PTF ENEL / CAMPOS / MANUT;215;0;0;0;0;0;ZMBT;FEEM1400;DEP. PTF ENEL;;0;0;0;0
251871;AFAST ARM SEC 250MMX700MMX600MM D435.03;BMUB;BMUB;PEÇ;PTF ENEL / CAMPOS / MANUT;5;0;0;0;0;0;ZMBT;FEEM1400;DEP. PTF ENEL;;0;0;0;0
251872;AFAST ARM SEC 500MMX700MMX600MM D435.03;BMUB;BMUB;PEÇ;PTF ENEL / CAMPOS / MANUT;1;0;0;0;0;0;ZMBT;FEEM1400;DEP. PTF ENEL;;0;0;0;0
251873;ARMACAO SEC.SIMPLES LIGA AL.DED 1255 R.2;BMUB;BMUB;PEÇ;PTF ENEL / CAMPOS / MANUT;17;0;0;0;0;0;ZMBT;FEEM1400;DEP. PTF ENEL;;0;0;0;0
251874;ARMACAO SEC. DUPLA LIGA AL.DED 1254 R.2;BMUB;BMUB;PEÇ;PTF ENEL / CAMPOS / MANUT;1;0;0;0;0;0;ZMBT;FEEM1400;DEP. PTF ENEL;;0;0;0;0
251875;CHAPA CURVA AZ 76X 8X130 ESTAI D44511 FP;BMUB;BMUB;PEÇ;PTF ENEL / CAMPOS / MANUT;28;0;0;0;0;0;ZMBT;FEEM1400;DEP. PTF ENEL;;0;0;0;0
251877;GANCHO OLHAL AZ SUSP 5000DAN D0039R 3 FP;BMUB;BMUB;PEÇ;PTF ENEL / CAMPOS / MANUT;3;0;0;0;0;0;ZAT;FEEM2000;DEP. PTF ENEL;;0;0;0;0
251880;PINO ISOLADOR LIGA AL DED126 FP;BMUB;BMUB;PEÇ;PTF ENEL / CAMPOS / MANUT;155;0;0;0;0;0;ZMBT;FEEM2000;DEP. PTF ENEL;;0;0;0;0
251884;BRACO TIPO L 13 8KV 354MM D456.01;BMUB;BMUB;PEÇ;PTF ENEL / CAMPOS / MANUT;9;0;0;0;0;0;ZMBT;FEEM1400;DEP. PTF ENEL;;0;0;0;0
251885;BRACO SUP 15KV AZ TIPO C SPACER D45501;BMUB;BMUB;PEÇ;PTF ENEL / CAMPOS / MANUT;22;0;0;0;0;0;ZMBT;FEEM1400;DEP. PTF ENEL;;0;0;0;0
251886;CANTONEIRA AUX.800MMP/BRACOC PM R1765 FP;BMUB;BMUB;PEÇ;PTF ENEL / CAMPOS / MANUT;8;0;0;0;0;0;ZMBT;FEEM2000;DEP. PTF ENEL;;0;0;0;0
251889;MAO FRANC PLANA AZ 619MM 566MM D430.02;BMUB;BMUB;PEÇ;PTF ENEL / CAMPOS / MANUT;339;0;0;0;0;0;ZMBT;FEEM1400;DEP. PTF ENEL;;0;0;0;0
251891;ALCA OLHAL PREF ACO COB 185MM2 D730.14.0;BMUB;BMUB;PEÇ;PTF ENEL / CAMPOS / MANUT;2;0;0;0;0;0;ZMBT;FEEM1400;DEP. PTF ENEL;;0;0;0;0
251893;SAPATILHA AZ ALCA PREFORMADA D510.02;BMUB;BMUB;PEÇ;PTF ENEL / CAMPOS / MANUT;287;0;0;0;0;0;ZAT;FEEM1400;DEP. PTF ENEL;;0;0;0;0
251894;LACO PLAST P/CB 1/0AWG RC DED 1771 I1 R1;BMUB;BMUB;PEÇ;PTF ENEL / CAMPOS / MANUT;7;0;0;0;0;0;ZMBT;FEEM2000;DEP. PTF ENEL;;0;0;0;0
251898;MANILHA TORCIDA AZ SPACER D530.10;BMUB;BMUB;PEÇ;PTF ENEL / CAMPOS / MANUT;57;0;0;0;0;0;ZMBT;FEEM0701;DEP. PTF ENEL;;0;0;0;0
251901;PROTETOR ESTR E GLV 15/25KV PM BR780.06;BMUB;BMUB;PEÇ;PTF ENEL / CAMPOS / MANUT;133;0;0;0;0;0;ZMBT;FEEM1400;DEP. PTF ENEL;;0;0;0;0
251902;SUPORTE HORIZ 755X300MM PM BR 455.05;BMUB;BMUB;PEÇ;PTF ENEL / CAMPOS / MANUT;6;0;0;0;0;0;ZMBT;FEEM1400;DEP. PTF ENEL;;0;0;0;0
251903;SUPORTE AFAST HORIZ 1250MMX450MM D425.09;BMUB;BMUB;PEÇ;PTF ENEL / CAMPOS / MANUT;21;0;0;0;0;0;ZMBT;FEEM1400;DEP. PTF ENEL;;0;0;0;0
251912;CHAPA PARA ANCORA  DED 1361 FP;BMUB;BMUB;PEÇ;PTF ENEL / CAMPOS / MANUT;7;0;0;0;0;0;ZMBT;FEEM1400;DEP. PTF ENEL;;0;0;0;0
251913;ALCA PREF CORD ACO 7.9MM MR D730.04;BMUB;BMUB;PEÇ;PTF ENEL / CAMPOS / MANUT;90;0;0;0;0;0;ZMBT;FEEM1400;DEP. PTF ENEL;;0;0;0;0
251914;ALCA PREF CORD ACO 9.5 MM MR D730.04;BMUB;BMUB;PEÇ;PTF ENEL / CAMPOS / MANUT;41;0;0;0;0;0;ZMBT;FEEM1400;DEP. PTF ENEL;;0;0;0;0
251917;ALCA PREF.CU CB CONC.TRIP.10MM2 DQN 1959;BMUB;BMUB;PEÇ;PTF ENEL / CAMPOS / MANUT;140;0;0;0;0;0;ZMBT;FEEM2000;DEP. PTF ENEL;;0;0;0;0
251918;ALCA PREF CU PRE REUN 25MM2 D73006 FPM;BMUB;BMUB;PEÇ;PTF ENEL / CAMPOS / MANUT;208;0;0;0;0;0;ZMBT;FEEM1400;DEP. PTF ENEL;;0;0;0;0
251927;CINTA ACO INOX 19MM C/FECHO P/ABRAC D655;BMUB;BMUB;PEÇ;PTF ENEL / CAMPOS / MANUT;67;0;0;0;0;0;ZMBT;FEEM1400;DEP. PTF ENEL;;0;0;0;0
251931;PRENSA CABO ROSQ CB 6 12MM PM 1749;BMUB;BMUB;PEÇ;PTF ENEL / CAMPOS / MANUT;220;0;0;0;0;0;ZMBT;FEEM1400;DEP. PTF ENEL;;0;0;0;0
251934;PRENSA CABO ROSQ CB 13 18MM PM 1749 I2;BMUB;BMUB;PEÇ;PTF ENEL / CAMPOS / MANUT;50;0;0;0;0;0;ZMBT;FEEM1400;DEP. PTF ENEL;;0;0;0;0
251939;ALCA PREF ACO PRE REUN CA 25MM2 D73006;BMUB;BMUB;UN;PTF ENEL / CAMPOS / MANUT;187;0;0;0;0;0;ZMBT;FEEM1400;DEP. PTF ENEL;;0;0;0;0
251941;PRENSA CABO ROSQ CB3X7 9 9 6MM PM 1749I3;BMUB;BMUB;PEÇ;PTF ENEL / CAMPOS / MANUT;320;0;0;0;0;0;ZMBT;FEEM1400;DEP. PTF ENEL;;0;0;0;0
251942;SUPORTE PARAFUSO ABRACAD NYLON PM1994I1;BMUB;BMUB;PEÇ;PTF ENEL / CAMPOS / MANUT;200;0;0;0;0;0;ZMBT;FEEM1400;DEP. PTF ENEL;;0;0;0;0
251953;MAO FRANCESA AZ PERFILADA 1971MM D43001;BMUB;BMUB;PEÇ;PTF ENEL / CAMPOS / MANUT;227;0;0;0;0;0;ZMBT;FEEM1400;DEP. PTF ENEL;;0;0;0;0
251954;MAO FRANCESA AZ PERFILADA 2548MM D43001;BMUB;BMUB;PEÇ;PTF ENEL / CAMPOS / MANUT;76;0;0;0;0;0;ZMBT;FEEM1400;DEP. PTF ENEL;;0;0;0;0
251956;MAO FRANC.PERFIL LG AL 1971MM PM 1259I2;BMUB;BMUB;PEÇ;PTF ENEL / CAMPOS / MANUT;200;0;0;0;0;0;ZMBT;FEEM1400;DEP. PTF ENEL;;0;0;0;0
251965;ESPACADOR BT MT 2 336 TIPO1 PM BR530.03;BMUB;BMUB;PEÇ;PTF ENEL / CAMPOS / MANUT;183;0;0;0;0;0;ZMBT;FEEM1400;DEP. PTF ENEL;;0;0;0;0
251968;SUPORTE SEC UNIPOLAR TIPO 1 PM BR480.02;BMUB;BMUB;PEÇ;PTF ENEL / CAMPOS / MANUT;31;0;0;0;0;0;ZMBT;FEEM1400;DEP. PTF ENEL;;0;0;0;0
251969;SUPORTE SEC UNIPOLAR TIPO 2 PM BR480.02;BMUB;BMUB;PEÇ;PTF ENEL / CAMPOS / MANUT;38;0;0;0;0;0;ZMBT;FEEM1400;DEP. PTF ENEL;;0;0;0;0
251971;ALCA OLHAL PREF ACO 2AWG D73014 FPM;BMUB;BMUB;PEÇ;PTF ENEL / CAMPOS / MANUT;108;0;0;0;0;0;ZMBT;FEEM1400;DEP. PTF ENEL;;0;0;0;0
251973;ALCA OLHAL PREF ACO CA 336.4MCM D73014 F;BMUB;BMUB;PEÇ;PTF ENEL / CAMPOS / MANUT;144;0;0;0;0;0;ZMBT;FEEM1400;DEP. PTF ENEL;;0;0;0;0
251975;ESPACADOR LOSAN RD SPACER 15KV D53001;BMUB;BMUB;PEÇ;PTF ENEL / CAMPOS / MANUT;57;0;0;0;0;0;ZMBT;FELC1700;DEP. PTF ENEL;;0;0;0;0
251976;ALCA OLHAL PREF ACO COB 35MM2 D73014 FPM;BMUB;;PEÇ;PTF ENEL / CAMPOS / MANUT;0;40;0;0;40;0;ZMBT;FEEM1400;;;0;0;0;0
251976;ALCA OLHAL PREF ACO COB 35MM2 D73014 FPM;BMUB;BMUB;PEÇ;PTF ENEL / CAMPOS / MANUT;2;0;0;0;0;0;ZMBT;FEEM1400;DEP. PTF ENEL;;0;0;0;0
251983;ALCC OLHAL PREF LIGA AL CAL 50MM2 D73014;BMUB;BMUB;PEÇ;PTF ENEL / CAMPOS / MANUT;29;0;0;0;0;0;ZMBT;FEEM1400;DEP. PTF ENEL;;0;0;0;0
251984;ALCA OLHAL PREF LIGA AL CAL 70MM2 D730.1;BMUB;BMUB;PEÇ;PTF ENEL / CAMPOS / MANUT;100;0;0;0;0;0;ZMBT;FEEM1400;DEP. PTF ENEL;;0;0;0;0
251989;CINTA POSTE CIRC.AL 180MM PM 1257 I4 R3;BMUB;BMUB;PEÇ;PTF ENEL / CAMPOS / MANUT;40;0;0;0;0;0;ZMBT;FEEM1400;DEP. PTF ENEL;;0;0;0;0
251994;ALCA OLHAL PREF LIGA AL CAL 25MM2 D730.1;BMUB;;PEÇ;PTF ENEL / CAMPOS / MANUT;0;120;0;0;120;0;ZMBT;FEEM1400;;;0;0;0;0
251994;ALCA OLHAL PREF LIGA AL CAL 25MM2 D730.1;BMUB;BMUB;PEÇ;PTF ENEL / CAMPOS / MANUT;63;0;0;0;0;0;ZMBT;FEEM1400;DEP. PTF ENEL;;0;0;0;0
252009;ALCA PREF LIGA AL PRE REU 54.6MM2 D73006;BMUB;BMUB;PEÇ;PTF ENEL / CAMPOS / MANUT;587;0;0;0;0;0;ZMBT;FEEM1400;DEP. PTF ENEL;;0;0;0;0
252010;ALCA LIGA AL PRE REU 70MM2 D73006 FPM;BMUB;BMUB;PEÇ;PTF ENEL / CAMPOS / MANUT;20;0;0;0;0;0;ZMBT;FEEM1400;DEP. PTF ENEL;;0;0;0;0
252019;ALCA PREF AL BI CONCENT 6MM2 D730.05.0;BMUB;BMUB;PEÇ;PTF ENEL / CAMPOS / MANUT;201;0;0;0;0;0;ZMBT;FEEM1400;DEP. PTF ENEL;;0;0;0;0
252021;ALCA PREF AL BI CONCENT 16MM2 D730.05.0;BMUB;BMUB;PEÇ;PTF ENEL / CAMPOS / MANUT;345;0;0;0;0;0;ZMBT;FEEM1400;DEP. PTF ENEL;;0;0;0;0
252023;ALCA PREF AZ BI CONCENT 16MM2 D730.05.0;BMUB;BMUB;PEÇ;PTF ENEL / CAMPOS / MANUT;199;0;0;0;0;0;ZMBT;FEEM1400;DEP. PTF ENEL;;0;0;0;0
252024;ALCA PREF DIST LIGA AL 25MM2 CAL D730.14;BMUB;BMUB;UN;PTF ENEL / CAMPOS / MANUT;40;0;0;0;0;0;ZMBT;FEEM1400;DEP. PTF ENEL;;0;0;0;0
252025;ALCA PREF DIST LIGA AL 50MM2 CAL D730.14;BMUB;BMUB;UN;PTF ENEL / CAMPOS / MANUT;66;0;0;0;0;0;ZMBT;FEEM1400;DEP. PTF ENEL;;0;0;0;0
252028;ESPACADOR BT MT 2 336 TIPO2 PM BR530.03;BMUB;BMUB;PEÇ;PTF ENEL / CAMPOS / MANUT;360;0;0;0;0;0;ZMBT;FEEM1400;DEP. PTF ENEL;;0;0;0;0
252029;ALCA PREF ACO PRE REU 25MM PM 2276 FP;BMUB;BMUB;PEÇ;PTF ENEL / CAMPOS / MANUT;5;0;0;0;0;0;ZMBT;FEEM2000;DEP. PTF ENEL;;0;0;0;0
252030;ALCA PREF  LIGA AL PRE REUN 25MM2 D73006;BMUB;BMUB;PEÇ;PTF ENEL / CAMPOS / MANUT;94;0;0;0;0;0;ZMBT;FEEM1400;DEP. PTF ENEL;;0;0;0;0
252050;LACO LIGA AL PRE REU 70MM2 D73006 FPM;BMUB;BMUB;PEÇ;PTF ENEL / CAMPOS / MANUT;2;0;0;0;0;0;ZMBT;FEEM1400;DEP. PTF ENEL;;0;0;0;0
252053;ESPACADOR LOSAN RD SPACER 34 5KV D53001;BMUB;BMUB;PEÇ;PTF ENEL / CAMPOS / MANUT;47;0;0;0;0;0;ZMBT;FELC1700;DEP. PTF ENEL;;0;0;0;0
252112;ALCA ACO PRE REUN COB 50MM2 D73006 FPM;BMUB;BMUB;PEÇ;PTF ENEL / CAMPOS / MANUT;74;0;0;0;0;0;ZMBT;FEEM1400;DEP. PTF ENEL;;0;0;0;0
252113;ALCA ACO PRE REUN COB 95MM2 D73006 FPM;BMUB;BMUB;PEÇ;PTF ENEL / CAMPOS / MANUT;58;0;0;0;0;0;ZMBT;FEEM1400;DEP. PTF ENEL;;0;0;0;0
252114;ALCA ACO PRE REUN COB 150MM D73006 FPM;BMUB;BMUB;PEÇ;PTF ENEL / CAMPOS / MANUT;50;0;0;0;0;0;ZMBT;FEEM1400;DEP. PTF ENEL;;0;0;0;0
252115;LACO ACO  PRE  REUN COB 50MM2 D73006 FPM;BMUB;BMUB;PEÇ;PTF ENEL / CAMPOS / MANUT;174;0;0;0;0;0;ZMBT;FEEM1400;DEP. PTF ENEL;;0;0;0;0
252137;ALCA OLHAL PREF ACO CAA 1/0AWG D730.14.0;BMUB;BMUB;PEÇ;PTF ENEL / CAMPOS / MANUT;125;0;0;0;0;0;ZMBT;FEEM1400;DEP. PTF ENEL;;0;0;0;0
252364;SUPOR TRAFO POSTE CIRC 285MM TP1 D421.01;BMUB;BMUB;UN;PTF ENEL / CAMPOS / MANUT;16;0;0;0;0;0;ZMBT;FEEM1400;DEP. PTF ENEL;;0;0;0;0
252854;PINO DE TOPO  DDT 0317 R.3     ;BMUB;BMUB;PEÇ;PTF ENEL / CAMPOS / MANUT;80;0;0;0;0;0;ZMBT;FEEM1400;DEP. PTF ENEL;;0;0;0;0
270380;ESTROPO POLIAMIDA 1200MM 670KGF;BMUB;;CDA;PTF ENEL / CAMPOS / MANUT;0;1;0;0;1;0;ZMBT;FLMS0600;;;0;0;0;0
270380;ESTROPO POLIAMIDA 1200MM 670KGF;BMUB;BMUB;CDA;PTF ENEL / CAMPOS / MANUT;4;0;0;0;0;0;ZMBT;FLMS0600;DEP. PTF ENEL;;0;0;0;0
270478;COBERTURA ISOLANTE TIPO CALHA 35KV;BMUB;BMUB;CDA;PTF ENEL / CAMPOS / MANUT;8;0;0;0;0;0;ZMBT;FELC1500;DEP. PTF ENEL;;0;0;0;0
270481;CHAVE DE IMPACTO COM BATERIA E CARREGADO;BMUB;BMUB;CDA;PTF ENEL / CAMPOS / MANUT;1;0;0;0;0;0;ZMBT;FZAU0500;DEP. PTF ENEL;;0;0;0;0
274682;CONECTOR COMPR H AL/CU 70MM2/ 10MM2;BMUB;BMUB;PEÇ;PTF ENEL / CAMPOS / MANUT;84;0;0;0;0;0;ZMBT;FELC0800;DEP. PTF ENEL;;0;0;0;0
274702;CAPA PROT  CONEC CUNHA/ESTR D722.54;BMUB;BMUB;PEÇ;PTF ENEL / CAMPOS / MANUT;36;0;0;0;0;0;ZMBT;FELC0800;DEP. PTF ENEL;;0;0;0;0
274810;EMENDA LIGA AL MT ISOL 35 150MM2 D72004.;BMUB;BMUB;UN;PTF ENEL / CAMPOS / MANUT;11;0;0;0;0;0;ZMBT;FELC0800;DEP. PTF ENEL;;0;0;0;0
274884;PRENSA CABO BSP CB 6 A 12MM D762.03;BMUB;BMUB;UN;PTF ENEL / CAMPOS / MANUT;57;0;0;0;0;0;ZMBT;FEEM1400;DEP. PTF ENEL;;0;0;0;0
274903;CONECTOR CUN BIM MOD.I D71039;BMUB;BMUB;UN;PTF ENEL / CAMPOS / MANUT;1405;0;0;0;0;0;ZMBT;FELC0800;DEP. PTF ENEL;;0;0;0;0
274904;CONECTOR CUN BIM MOD.II D71039;BMUB;BMUB;UN;PTF ENEL / CAMPOS / MANUT;477;0;0;0;0;0;ZMBT;FELC0800;DEP. PTF ENEL;;0;0;0;0
274920;CONECTOR CUN BIM MOD.VI D71039;BMUB;;UN;PTF ENEL / CAMPOS / MANUT;0;200;0;0;200;0;ZMBT;FELC0800;;;0;0;0;0
274920;CONECTOR CUN BIM MOD.VI D71039;BMUB;BMUB;UN;PTF ENEL / CAMPOS / MANUT;200;0;0;0;0;0;ZMBT;FELC0800;DEP. PTF ENEL;;0;0;0;0
274921;CONECTOR CUN BIM MOD.VII D71039;BMUB;;UN;PTF ENEL / CAMPOS / MANUT;0;300;0;0;300;0;ZMBT;FELC0800;;;0;0;0;0
274921;CONECTOR CUN BIM MOD.VII D71039;BMUB;BMUB;UN;PTF ENEL / CAMPOS / MANUT;357;0;0;0;0;0;ZMBT;FELC0800;DEP. PTF ENEL;;0;0;0;0
274968;CONEC PERF AL CU 16 150T 1 5 6D 71053 FP;BMUB;BMUB;PEÇ;PTF ENEL / CAMPOS / MANUT;119;0;0;0;0;0;ZMBT;FELC0800;DEP. PTF ENEL;;0;0;0;0
274973;LUVA EME COMP AL 2AWG PM BR720.15;BMUB;BMUB;PEÇ;PTF ENEL / CAMPOS / MANUT;220;0;0;0;0;0;ZMBT;FELC0800;DEP. PTF ENEL;;0;0;0;0
274974;LUVA EME COMP AL 1/0AWG PM BR720.15;BMUB;BMUB;PEÇ;PTF ENEL / CAMPOS / MANUT;228;0;0;0;0;0;ZMBT;FELC0800;DEP. PTF ENEL;;0;0;0;0
274975;LUVA EME COMP AL 4/0AWG PM BR720.15;BMUB;BMUB;PEÇ;PTF ENEL / CAMPOS / MANUT;10;0;0;0;0;0;ZMBT;FELC0800;DEP. PTF ENEL;;0;0;0;0
274985;CONECTOR TERM COMPR CU 35MM2 1F D71048;BMUB;BMUB;PEÇ;PTF ENEL / CAMPOS / MANUT;148;0;0;0;0;0;ZMBT;FEEM1400;DEP. PTF ENEL;;0;0;0;0
274987;CONEC CUN AL I9 D=23.77 27.71MM D71054;BMUB;BMUB;PEÇ;PTF ENEL / CAMPOS / MANUT;453;0;0;0;0;0;ZMBT;FELC0800;DEP. PTF ENEL;;0;0;0;0
274988;CONEC CUN AL I11 D=30.18 34.71MM D71054;BMUB;BMUB;PEÇ;PTF ENEL / CAMPOS / MANUT;442;0;0;0;0;0;ZMBT;FELC0800;DEP. PTF ENEL;;0;0;0;0
274994;CONEC TERM COMPR AL 35MM2 2F D71038;BMUB;BMUB;PEÇ;PTF ENEL / CAMPOS / MANUT;326;0;0;0;0;0;ZMBT;FEEM1400;DEP. PTF ENEL;;0;0;0;0
274995;CONEC TERM COMPR AL 185MM2 2F D71038;BMUB;BMUB;PEÇ;PTF ENEL / CAMPOS / MANUT;136;0;0;0;0;0;ZMBT;FEEM1400;DEP. PTF ENEL;;0;0;0;0
274996;CONECTOR CUN BIM MOD.A D71039;BMUB;BMUB;PEÇ;PTF ENEL / CAMPOS / MANUT;1253;0;0;0;0;0;ZMBT;FELC0800;DEP. PTF ENEL;;0;0;0;0
274997;CONECTOR CUN BIM MOD.B D71039;BMUB;BMUB;PEÇ;PTF ENEL / CAMPOS / MANUT;1053;0;0;0;0;0;ZMBT;FELC0800;DEP. PTF ENEL;;0;0;0;0
274998;CONECTOR CUN BIM MOD.C D71039;BMUB;BMUB;PEÇ;PTF ENEL / CAMPOS / MANUT;800;0;0;0;0;0;ZMBT;FELC0800;DEP. PTF ENEL;;0;0;0;0
274999;CONECTOR CUN BIM MOD.D D71039;BMUB;BMUB;PEÇ;PTF ENEL / CAMPOS / MANUT;200;0;0;0;0;0;ZMBT;FELC0800;DEP. PTF ENEL;;0;0;0;0
275002;CONEC CUNH DERI VI BRAN/AZUL PM1786I9 FP;BMUB;BMUB;PEÇ;PTF ENEL / CAMPOS / MANUT;100;0;0;0;0;0;ZMBT;FELC0800;DEP. PTF ENEL;;0;0;0;0
275010;ABRAC PLAST 2X8.9X770MM PM BR761.01;BMUB;BMUB;PEÇ;PTF ENEL / CAMPOS / MANUT;570;0;0;0;0;0;ZMBT;FELC1700;DEP. PTF ENEL;;0;0;0;0
275011;ABRAC PLAST 2X8.9X1095MM PM BR761.01;BMUB;BMUB;PEÇ;PTF ENEL / CAMPOS / MANUT;197;0;0;0;0;0;ZMBT;FELC1700;DEP. PTF ENEL;;0;0;0;0
275019;LACO PREF MENS CORD ACO 7.9MM D730.04;BMUB;BMUB;PEÇ;PTF ENEL / CAMPOS / MANUT;20;0;0;0;0;0;ZMBT;FEEM1400;DEP. PTF ENEL;;0;0;0;0
275026;ABRAC PLAST 1.3X4.6X200MM PM BR761.01;BMUB;BMUB;PEÇ;PTF ENEL / CAMPOS / MANUT;2330;0;0;0;0;0;ZMBT;FELC1700;DEP. PTF ENEL;;0;0;0;0
275028;CONECTOR CUN BIM MOD.L D71039;BMUB;BMUB;PEÇ;PTF ENEL / CAMPOS / MANUT;595;0;0;0;0;0;ZMBT;FELC0800;DEP. PTF ENEL;;0;0;0;0
275029;EMENDA RETA 12/20 KV 95 240MM2 GSCC004;BMUB;BMUB;PEÇ;PTF ENEL / CAMPOS / MANUT;15;0;0;0;0;0;ZMBT;FELC1102;DEP. PTF ENEL;;0;0;0;0
275059;LUVA.EMENDA.COMPRES.1/0AWGCAA FP;BMUB;BMUB;PEÇ;PTF ENEL / CAMPOS / MANUT;39;0;0;0;0;0;ZMBT;FELC0800;DEP. PTF ENEL;;0;0;0;0
275066;CONEC PERF AL CU 25 120TR/DR D71053 FP;BMUB;BMUB;PEÇ;PTF ENEL / CAMPOS / MANUT;274;0;0;0;0;0;ZMBT;FELC0800;DEP. PTF ENEL;;0;0;0;0
275068;LUVA EMEND ISOL AL BT 35MM2 PM R720.24.0;BMUB;BMUB;PEÇ;PTF ENEL / CAMPOS / MANUT;47;0;0;0;0;0;ZMBT;FELC0800;DEP. PTF ENEL;;0;0;0;0
275069;LUVA EMEND ISOL AL BT 50MM2 PM R720.24.0;BMUB;BMUB;PEÇ;PTF ENEL / CAMPOS / MANUT;201;0;0;0;0;0;ZMBT;FELC1101;DEP. PTF ENEL;;0;0;0;0
275070;LUVA EMEND ISOL LA BT 50MM2 PM R720.24.0;BMUB;BMUB;PEÇ;PTF ENEL / CAMPOS / MANUT;27;0;0;0;0;0;ZMBT;FELC1101;DEP. PTF ENEL;;0;0;0;0
275072;LUVA EMEND ISOL AL BT 95MM2 PM R720.24.0;BMUB;BMUB;PEÇ;PTF ENEL / CAMPOS / MANUT;95;0;0;0;0;0;ZMBT;FELC1101;DEP. PTF ENEL;;0;0;0;0
275073;LUVA EMEN ISOL AL BT 150MM2 PM R720.24.0;BMUB;BMUB;PEÇ;PTF ENEL / CAMPOS / MANUT;12;0;0;0;0;0;ZMBT;FELC1101;DEP. PTF ENEL;;0;0;0;0
275074;ABRAC PLAST 1X2.5X100MM PM BR761.01;BMUB;BMUB;PEÇ;PTF ENEL / CAMPOS / MANUT;200;0;0;0;0;0;ZMBT;FELC1700;DEP. PTF ENEL;;0;0;0;0
275076;CONEC.CUN ESTRIBO C16 35 A4 SP35 D71071;BMUB;;UN;PTF ENEL / CAMPOS / MANUT;0;200;0;0;200;0;ZMBT;FELC0800;;;0;0;0;0
275076;CONEC.CUN ESTRIBO C16 35 A4 SP35 D71071;BMUB;BMUB;UN;PTF ENEL / CAMPOS / MANUT;187;0;0;0;0;0;ZMBT;FELC0800;DEP. PTF ENEL;;0;0;0;0
275077;CONEC CUN AL I8 D=21.77 25.68MM D71054;BMUB;BMUB;PEÇ;PTF ENEL / CAMPOS / MANUT;204;0;0;0;0;0;ZMBT;FELC0800;DEP. PTF ENEL;;0;0;0;0
275078;CONECTOR CUN BIM MOD.UNIF D71039;BMUB;BMUB;PEÇ;PTF ENEL / CAMPOS / MANUT;319;0;0;0;0;0;ZMBT;FELC0800;DEP. PTF ENEL;;0;0;0;0
275082;CONEC CUN AL I2 D=14.81 18 39MM D71054;BMUB;BMUB;PEÇ;PTF ENEL / CAMPOS / MANUT;5;0;0;0;0;0;ZMBT;FELC0800;DEP. PTF ENEL;;0;0;0;0
275083;CONEC CUN AL I1 D=13.08 16.66MM D71054;BMUB;BMUB;PEÇ;PTF ENEL / CAMPOS / MANUT;3;0;0;0;0;0;ZMBT;FELC0800;DEP. PTF ENEL;;0;0;0;0
275084;CONEC CUN AL I3 D=15.77 20.22MM D71054;BMUB;BMUB;PEÇ;PTF ENEL / CAMPOS / MANUT;346;0;0;0;0;0;ZMBT;FELC0800;DEP. PTF ENEL;;0;0;0;0
275097;ESTRIBO RAMAL P/CH FUSIVEL DED 1707I2R3;BMUB;BMUB;PEÇ;PTF ENEL / CAMPOS / MANUT;90;0;0;0;0;0;ZMBT;FELC1700;DEP. PTF ENEL;;0;0;0;0
275101;CARTUCHO METALICO AZUL PM BR710.67;BMUB;BMUB;PEÇ;PTF ENEL / CAMPOS / MANUT;329;0;0;0;0;0;ZMBT;FELC0800;DEP. PTF ENEL;;0;0;0;0
275102;CARTUCHO METALICO VERMELHA PM BR710.67;BMUB;BMUB;PEÇ;PTF ENEL / CAMPOS / MANUT;391;0;0;0;0;0;ZMBT;FELC0800;DEP. PTF ENEL;;0;0;0;0
275104;CONEC TERM COMPR AL 35MM2 1F D71038;BMUB;BMUB;PEÇ;PTF ENEL / CAMPOS / MANUT;108;0;0;0;0;0;ZMBT;FEEM1400;DEP. PTF ENEL;;0;0;0;0
275105;CONEC TERM COMPR AL 70MM2 2F D71038;BMUB;BMUB;PEÇ;PTF ENEL / CAMPOS / MANUT;517;0;0;0;0;0;ZMBT;FEEM1400;DEP. PTF ENEL;;0;0;0;0
275109;TERMINAL EXT 12/20KV 400MM2 GSCC 005;BMUB;BMUB;PEÇ;PTF ENEL / CAMPOS / MANUT;3;0;0;0;0;0;ZMBT;FELC1102;DEP. PTF ENEL;;0;0;0;0
275115;CONEC TERM COMP MED CB 25MM PM2092I6R8;BMUB;BMUB;PEÇ;PTF ENEL / CAMPOS / MANUT;100;0;0;0;0;0;ZMBT;FEEM1400;DEP. PTF ENEL;;0;0;0;0
275133;CAPA PROT CONEC CUNHA/ESTR D722.54;BMUB;BMUB;PEÇ;PTF ENEL / CAMPOS / MANUT;100;0;0;0;0;0;ZMBT;FELC0800;DEP. PTF ENEL;;0;0;0;0
275139;CONEC TERM COMPR AL 160MM2 2F D71038;BMUB;BMUB;PEÇ;PTF ENEL / CAMPOS / MANUT;272;0;0;0;0;0;ZMBT;FEEM1400;DEP. PTF ENEL;;0;0;0;0
275156;CAPA PROTET CONEX CABO CONC. AL PM2249;BMUB;BMUB;PEÇ;PTF ENEL / CAMPOS / MANUT;280;0;0;0;0;0;ZMBT;FELC1700;DEP. PTF ENEL;;0;0;0;0
275158;CONECTOR TERM COND AL 50MM PM2251I2R0;BMUB;BMUB;PEÇ;PTF ENEL / CAMPOS / MANUT;248;0;0;0;0;0;ZMBT;FEEM1400;DEP. PTF ENEL;;0;0;0;0
275169;CONECTOR CUNHA 70 00MM2/ 6 50MM;BMUB;BMUB;UN;PTF ENEL / CAMPOS / MANUT;317;0;0;0;0;0;ZMBT;FELC0800;DEP. PTF ENEL;;0;0;0;0
275282;CONEC TERM TORQ BIM 35 185MM2 1F D71063;BMUB;BMUB;UN;PTF ENEL / CAMPOS / MANUT;218;0;0;0;0;0;ZMBT;FELC0800;DEP. PTF ENEL;;0;0;0;0
275310;EMENDA AUTOM AL 5.82 8.64MM D72014;BMUB;BMUB;PEÇ;PTF ENEL / CAMPOS / MANUT;19;0;0;0;0;0;ZMBT;FELC0800;DEP. PTF ENEL;;0;0;0;0
275311;EMENDA AUTOM AL 9.27 12.07MM D72014;BMUB;BMUB;PEÇ;PTF ENEL / CAMPOS / MANUT;23;0;0;0;0;0;ZMBT;FECA0501;DEP. PTF ENEL;;0;0;0;0
275313;EMENDA AUTOM AL 14.73 18 .39MM D72014;BMUB;BMUB;PEÇ;PTF ENEL / CAMPOS / MANUT;25;0;0;0;0;0;ZMBT;FELC0800;DEP. PTF ENEL;;0;0;0;0
275358;CONEC CUN AL I5 D=20.42 24.46MM D71054;BMUB;BMUB;UN;PTF ENEL / CAMPOS / MANUT;33;0;0;0;0;0;ZMBT;FELC0800;DEP. PTF ENEL;;0;0;0;0
275364;CONEC CUN AL I6 D=28.70 24 28MM D71054;BMUB;BMUB;UN;PTF ENEL / CAMPOS / MANUT;119;0;0;0;0;0;ZMBT;FELC0800;DEP. PTF ENEL;;0;0;0;0
275377;CONEC COMPR C CU P:25 35 D:16 25 D780.13;BMUB;BMUB;UN;PTF ENEL / CAMPOS / MANUT;60;0;0;0;0;0;ZMBT;FELC0800;DEP. PTF ENEL;;0;0;0;0
275475;PROTETOR DE PARA RAIOS PM BR780.04;BMUB;BMUB;UN;PTF ENEL / CAMPOS / MANUT;673;0;0;0;0;0;ZMBT;FELC1600;DEP. PTF ENEL;;0;0;0;0
275620;PROTETOR  EQUIPAMENTO  BUCHA DE TRA;BMUB;BMUB;UN;PTF ENEL / CAMPOS / MANUT;180;0;0;0;0;0;ZMBT;FELC1600;DEP. PTF ENEL;;0;0;0;0
275628;CONECTOR  DERIV COMPRESSAO  TIPO H;BMUB;BMUB;UN;PTF ENEL / CAMPOS / MANUT;828;0;0;0;0;0;ZMBT;FELC0800;DEP. PTF ENEL;;0;0;0;0
275630;CONECTOR  DERIV COMPRESSAO  TIPO H;BMUB;BMUB;UN;PTF ENEL / CAMPOS / MANUT;100;0;0;0;0;0;ZMBT;FELC0800;DEP. PTF ENEL;;0;0;0;0
275694;CONEC PERF AL CU 16 95TR 4 35DR GSCC020;BMUB;;PEÇ;PTF ENEL / CAMPOS / MANUT;0;1000;0;0;1000;0;ZMBT;FELC0900;;;0;0;0;0
275694;CONEC PERF AL CU 16 95TR 4 35DR GSCC020;BMUB;BMUB;PEÇ;PTF ENEL / CAMPOS / MANUT;590;0;0;0;0;0;ZMBT;FELC0900;DEP. PTF ENEL;;0;0;0;0
275695;CONEC PERF AL CU 25 120TR/DR GSCC020;BMUB;BMUB;PEÇ;PTF ENEL / CAMPOS / MANUT;147;0;0;0;0;0;ZMBT;FELC0900;DEP. PTF ENEL;;0;0;0;0
276656;EMENDA AUTOMATICA PARA CONDUTORES DE COB;BMUB;BMUB;PEÇ;PTF ENEL / CAMPOS / MANUT;18;0;0;0;0;0;ZMBT;FELC0800;DEP. PTF ENEL;;0;0;0;0
276661;CONEC PERF AL CU 35 150TR/DR GSCC020 ;BMUB;BMUB;PEÇ;PTF ENEL / CAMPOS / MANUT;915;0;0;0;0;0;ZMBT;FELC0900;DEP. PTF ENEL;;0;0;0;0
276662;CONECPERF AL CU 50 150TR 6 54 6DR GSCC20;BMUB;;PEÇ;PTF ENEL / CAMPOS / MANUT;0;480;0;0;480;0;ZMBT;FELC0900;;;0;0;0;0
276662;CONECPERF AL CU 50 150TR 6 54 6DR GSCC20;BMUB;BMUB;PEÇ;PTF ENEL / CAMPOS / MANUT;772;0;0;0;0;0;ZMBT;FELC0900;DEP. PTF ENEL;;0;0;0;0
276672;CONEC PERF AL CU 16 150TR 1 5 6DR GSCC20;BMUB;BMUB;PEÇ;PTF ENEL / CAMPOS / MANUT;201;0;0;0;0;0;ZMBT;FELC0900;DEP. PTF ENEL;;0;0;0;0
276682;EMENDA AUTOM CU 8.63 9.77MM D72014;BMUB;BMUB;PEÇ;PTF ENEL / CAMPOS / MANUT;14;0;0;0;0;0;ZMBT;FELC0800;DEP. PTF ENEL;;0;0;0;0
280052;CX MEDIDOR MONOFASICO  PM 1946 R4;BMUB;BMUB;PEÇ;PTF ENEL / CAMPOS / MANUT;100;0;0;0;0;0;ZMBT;FEAT0104;DEP. PTF ENEL;;0;0;0;0
280053;CX MEDIDOR POLIFASICO  PM 1943 R4;BMUB;BMUB;PEÇ;PTF ENEL / CAMPOS / MANUT;59;0;0;0;0;0;ZMBT;FEAT0104;DEP. PTF ENEL;;0;0;0;0
280055;CAIXA POLIC MED MONOF TRAVA D19026;BMUB;BMUB;UN;PTF ENEL / CAMPOS / MANUT;27;0;0;0;0;0;ZMBT;FEAT0104;DEP. PTF ENEL;;0;0;0;0
280056;CAIXA POLIC MED POLIF TRAVA D19026;BMUB;;UN;PTF ENEL / CAMPOS / MANUT;0;4;0;0;4;0;ZMBT;FEAT0104;;;0;0;0;0
280056;CAIXA POLIC MED POLIF TRAVA D19026;BMUB;BMUB;UN;PTF ENEL / CAMPOS / MANUT;4;0;0;0;0;0;ZMBT;FEAT0104;DEP. PTF ENEL;;0;0;0;0
280064;CAIXA IND LEITURA CONSUM ENERG I2 PM2240;BMUB;;PEÇ;PTF ENEL / CAMPOS / MANUT;0;5;0;0;5;0;ZMBT;FEAT0104;;;0;0;0;0
300032;ISOLADOR POST PIN.CURT 17 5KV GSCC010/16;BMUB;BMUB;CDA;PTF ENEL / CAMPOS / MANUT;149;0;0;0;0;0;ZMBT;FEIT0102;DEP. PTF ENEL;;0;0;0;0
300583;ISOLADOR VIDRO ZN D=254 PS146 D50031 FP;BMUB;BMUB;PEÇ;PTF ENEL / CAMPOS / MANUT;312;0;0;0;0;0;ZAT;FEIT0302;DEP. PTF ENEL;;0;0;0;0
300644;ISOLADOR POLI PILAR FUG PRO 24KV GSCC010;BMUB;BMUB;UN;PTF ENEL / CAMPOS / MANUT;431;0;0;0;0;0;ZMBT;FEIT0102;DEP. PTF ENEL;;0;0;0;0
300647;ISOLADOR ROLDANA PORC 79X76 D500.54.0;BMUB;BMUB;UN;PTF ENEL / CAMPOS / MANUT;379;0;0;0;0;0;ZMBT;FEIT0302;DEP. PTF ENEL;;0;0;0;0
300662;ISOLADOR POLIM PILAR HIBR 24KV GSCC010;BMUB;BMUB;UN;PTF ENEL / CAMPOS / MANUT;6;0;0;0;0;0;ZMBT;FEIT0102;DEP. PTF ENEL;;0;0;0;0
300699;ISOL PIN POLIM 15KV LINHA FUGA PROTEGIDA;BMUB;BMUB;PEÇ;PTF ENEL / CAMPOS / MANUT;90;0;0;0;0;0;ZMBT;FEIT0101;DEP. PTF ENEL;;0;0;0;0
300853;ISOLADOR POLIM ANCORAGEM 24KV GSCC010;BMUB;BMUB;PEÇ;PTF ENEL / CAMPOS / MANUT;125;0;0;0;0;0;ZMBT;FEIT0102;DEP. PTF ENEL;;0;0;0;0
300927;COBERTURA P/ ISOLADOR DE PINO PM2271 R.0;BMUB;BMUB;UN;PTF ENEL / CAMPOS / MANUT;5;0;0;0;0;0;ZMBT;FELC1500;DEP. PTF ENEL;;0;0;0;0
310434;COND LIGA AL NU ENGRAX AAAC50MM  GSC 003;BMUB;BMUB;KG;PTF ENEL / CAMPOS / MANUT;155;0;0;0;0;0;ZMBT;FECN0402;DEP. PTF ENEL;;0;0;0;0
310539;COND LIGA AL NU ENGRAX AAAC160MM GSC 003;BMUB;BMUB;KG;PTF ENEL / CAMPOS / MANUT;1163;0;0;0;0;0;ZMBT;FECN0402;DEP. PTF ENEL;;0;0;0;0
310566;CABO CU NU  25MM2 7F MEIO DURO GSC003;BMUB;BMUB;KG;PTF ENEL / CAMPOS / MANUT;1512;0;0;0;0;0;ZMBT;FECN0402;DEP. PTF ENEL;;0;0;0;0
310567;CABO COBRE NU 35MM2 M DURA CL2A;BMUB;BMUB;KG;PTF ENEL / CAMPOS / MANUT;200;0;0;0;0;0;ZMBT;FECN0402;DEP. PTF ENEL;;0;0;0;0
310600;CABO AL CA 336 4MCM PM 0057 I3 R8 FP;BMUB;BMUB;KG;PTF ENEL / CAMPOS / MANUT;288;0;0;0;0;0;ZMBT;FECN0402;DEP. PTF ENEL;;0;0;0;0
310603;CABO AL NU CA 2 AWG PM 0057 I1 R8 FP;BMUB;BMUB;KG;PTF ENEL / CAMPOS / MANUT;17;0;0;0;0;0;ZMBT;FECN0402;DEP. PTF ENEL;;0;0;0;0
310605;CABO NU CAA CL.A 1/0AWG RAVEN GSC003;BMUB;BMUB;KG;PTF ENEL / CAMPOS / MANUT;184;0;0;0;0;0;ZMBT;FECN0402;DEP. PTF ENEL;;0;0;0;0
310608;COND CU NU 70MM2 19 FIOS PM 1846 I7R8 FP;BMUB;BMUB;KG;PTF ENEL / CAMPOS / MANUT;10;0;0;0;0;0;ZMBT;FECN0401;DEP. PTF ENEL;;0;0;0;0
310633;COND LIGA AL NU ENGRAX AAAC70MM  GSC 003;BMUB;BMUB;KG;PTF ENEL / CAMPOS / MANUT;1771;0;0;0;0;0;ZMBT;FECN0402;DEP. PTF ENEL;;0;0;0;0
310636;COND LIGA AL NU ENGRAX AAAC25MM  GSC 003;BMUB;BMUB;KG;PTF ENEL / CAMPOS / MANUT;63;0;0;0;0;0;ZMBT;FECN0402;DEP. PTF ENEL;;0;0;0;0
310648;EMENDA RET CONTR 24KV 400 630MM2 GSCC4/1;BMUB;BMUB;PEÇ;PTF ENEL / CAMPOS / MANUT;4;0;0;0;0;0;ZMBT;FELC1102;DEP. PTF ENEL;;0;0;0;0
310651;CABO NU CAA CL.A 4/0AWG PENGUIN GSC003;BMUB;;KG;PTF ENEL / CAMPOS / MANUT;0;1333;0;0;1333;0;ZMBT;FECN0402;;;0;0;0;0
310652;CABO NU CAA CL.A 266MCM PARTRIDGE GSC003;BMUB;BMUB;KG;PTF ENEL / CAMPOS / MANUT;1500;0;0;0;0;0;ZMBT;FECN0402;DEP. PTF ENEL;;0;0;0;0
310653;CONDUTOR LIGA AL 25MM AAAC 7F GSC 003;BMUB;BMUB;KG;PTF ENEL / CAMPOS / MANUT;184;0;0;0;0;0;ZMBT;FECN0402;DEP. PTF ENEL;;0;0;0;0
310778;CORDOALHA ACO ZINC A 9 5MM 7F MR D212.03;BMUB;BMUB;KG;PTF ENEL / CAMPOS / MANUT;107;0;0;0;0;0;ZMBT;FECN0701;DEP. PTF ENEL;;0;0;0;0
310789;CABO AL NU CA 2 AWG   SUCATA;BMUB;BMUB;M;PTF ENEL / CAMPOS / MANUT;3962;0;0;0;0;0;ZMAT;FECN0402;DEP. PTF ENEL;;0;0;0;0
310795;CABO AL NU CA 1/0 AWG   SUCATA;BMUB;BMUB;KG;PTF ENEL / CAMPOS / MANUT;27;0;0;0;0;0;ZMAT;FECN0402;DEP. PTF ENEL;;0;0;0;0
310796;CABO AL CA 336 4MCM   SUCATA;BMUB;BMUB;KG;PTF ENEL / CAMPOS / MANUT;248;0;0;0;0;0;ZMAT;FECN0402;DEP. PTF ENEL;;0;0;0;0
310835;CABO NU CA  2AWG 7F IRIS SUCATA;BMUB;BMUB;KG;PTF ENEL / CAMPOS / MANUT;222;0;0;0;0;0;ZMAT;FECN0401;DEP. PTF ENEL;;0;0;0;0
310844;COND AL NU CAA 4AWG PM 1955 I1 R4 SUCATA;BMUB;BMUB;KG;PTF ENEL / CAMPOS / MANUT;1258;0;0;0;0;0;ZMAT;FECN0402;DEP. PTF ENEL;;0;0;0;0
310847;COND LIGA AL NU ENGRAX AAAC50MM2 SUCATA;BMUB;BMUB;KG;PTF ENEL / CAMPOS / MANUT;110;0;0;0;0;0;ZMAT;FECN0402;DEP. PTF ENEL;;0;0;0;0
310848;COND LIGA AL NU ENGRAX AAAC25MM SUCATA;BMUB;BMUB;KG;PTF ENEL / CAMPOS / MANUT;0;0;0;0;0;0;ZMAT;FECN0402;DEP. PTF ENEL;;0;0;0;0
310869;SEC UNIPOLAR 34.5KV 630A 720MM D198.03;BMUB;;UN;PTF ENEL / CAMPOS / MANUT;0;1;0;0;1;0;ZMBT;FESE0701;;;0;0;0;0
330324;CABO CONCENTR 0.6/1.0 1X16+16A D230.10;BMUB;BMUB;M;PTF ENEL / CAMPOS / MANUT;3474;0;0;0;0;0;ZMBT;FECA0302;DEP. PTF ENEL;;0;0;0;0
330325;CABO CONCENTR 0.6/1.0 1X10+10A D230.10;BMUB;;M;PTF ENEL / CAMPOS / MANUT;0;4000;0;0;4000;0;ZMBT;FECA0302;;;0;0;0;0
330325;CABO CONCENTR 0.6/1.0 1X10+10A D230.10;BMUB;BMUB;M;PTF ENEL / CAMPOS / MANUT;2087;0;0;0;0;0;ZMBT;FECA0302;DEP. PTF ENEL;;0;0;0;0
330685;CABO BT PRE REUN AL 3X50+50 GSCC009/43;BMUB;BMUB;M;PTF ENEL / CAMPOS / MANUT;2894;0;0;0;0;0;ZMBT;FECA0301;DEP. PTF ENEL;;0;0;0;0
330689;CABO BT PRE REUN AL 2X16+16 GSCC009/39;BMUB;BMUB;M;PTF ENEL / CAMPOS / MANUT;3500;0;0;0;0;0;ZMBT;FECA0301;DEP. PTF ENEL;;0;0;0;0
330699;CABO BT PRE REUN AL 3X35+35 GSCC009/31;BMUB;BMUB;M;PTF ENEL / CAMPOS / MANUT;4232;0;0;0;0;0;ZMBT;FECA0301;DEP. PTF ENEL;;0;0;0;0
330767;FIO  AL P/ AMARRACAO 4AWG D76001;BMUB;BMUB;KG;PTF ENEL / CAMPOS / MANUT;46;0;0;0;0;0;ZMBT;FEEM1400;DEP. PTF ENEL;;0;0;0;0
330768;FIO AL P/AMARRACAO 6AWG D76001;BMUB;BMUB;KG;PTF ENEL / CAMPOS / MANUT;18;0;0;0;0;0;ZMBT;FEEM1400;DEP. PTF ENEL;;0;0;0;0
330770;FIO AL COBERTO AMARRACAO 4AWG D76003;BMUB;BMUB;M;PTF ENEL / CAMPOS / MANUT;1134;0;0;0;0;0;ZMBT;FEEM1400;DEP. PTF ENEL;;0;0;0;0
330787;CB PRE REU CU 3X35+35 XLPE 1KV D208.15;BMUB;BMUB;M;PTF ENEL / CAMPOS / MANUT;664;0;0;0;0;0;ZMBT;FECA0301;DEP. PTF ENEL;;0;0;0;0
330802;CABO COBERTO 185MM 25KVXLPE+HDPE GSCC021;BMUB;BMUB;M;PTF ENEL / CAMPOS / MANUT;1693;0;0;0;0;0;ZMBT;FECA1201;DEP. PTF ENEL;;0;0;0;0
330868;CABO COBERTO 50MM 15KV XLPE+HDPE GSCC021;BMUB;BMUB;M;PTF ENEL / CAMPOS / MANUT;1301;0;0;0;0;0;ZMBT;FECA1201;DEP. PTF ENEL;;0;0;0;0
330871;CABO COBERTO 50MM 25KV XLPE+HDPE GSCC021;BMUB;BMUB;M;PTF ENEL / CAMPOS / MANUT;5896;0;0;0;0;0;ZMBT;FECA1201;DEP. PTF ENEL;;0;0;0;0
330899;CABO PRE REUN AL 3X50+50MM2   SUCATA;BMUB;BMUB;M;PTF ENEL / CAMPOS / MANUT;2;0;0;0;0;0;ZMAT;FECA0301;DEP. PTF ENEL;;0;0;0;0
330906;CABO CONCENTRICO BIP AL 10MM   SUCATA;BMUB;BMUB;M;PTF ENEL / CAMPOS / MANUT;530;0;0;0;0;0;ZMAT;FECA0302;DEP. PTF ENEL;;0;0;0;0
330918;CABO CU ISOL XLPE 0 6/1KV  16MM2 SUCATA;BMUB;BMUB;M;PTF ENEL / CAMPOS / MANUT;90;0;0;0;0;0;ZMAT;FECA0301;DEP. PTF ENEL;;0;0;0;0
330957;CB PRE REUN AL 3X150+70MM2 PM 198 SUCATA;BMUB;BMUB;M;PTF ENEL / CAMPOS / MANUT;16;0;0;0;0;0;ZMAT;FECA0301;DEP. PTF ENEL;;0;0;0;0
330960;CB PRE REU 0 6/1KV CU 3X35+35 DED SUCATA;BMUB;BMUB;M;PTF ENEL / CAMPOS / MANUT;9;0;0;0;0;0;ZMAT;FECA0301;DEP. PTF ENEL;;0;0;0;0
330967;CB PRE REUN AL 3X35+50MM2 PM 1982 SUCATA;BMUB;BMUB;M;PTF ENEL / CAMPOS / MANUT;71;0;0;0;0;0;ZMAT;FECA0301;DEP. PTF ENEL;;0;0;0;0
330984;CABO BT PRE REUN AL 3X95+54.6 GSCC009/12;BMUB;BMUB;M;PTF ENEL / CAMPOS / MANUT;75;0;0;0;0;0;ZMBT;FECA0301;DEP. PTF ENEL;;0;0;0;0
330990;CABO BT PRE REUN AL 3X150+80 GSCC009/013;BMUB;BMUB;M;PTF ENEL / CAMPOS / MANUT;487;0;0;0;0;0;ZMBT;FECA0301;DEP. PTF ENEL;;0;0;0;0
330992;CABO AL PR REU 8.7/15KV 3X150+50 GSCC008;BMUB;BMUB;M;PTF ENEL / CAMPOS / MANUT;607;0;0;0;0;0;ZMBT;FECA1201;DEP. PTF ENEL;;0;0;0;0
330994;CABO BT PRE REUN AL 3X50+54.6 GSCC009/10;BMUB;BMUB;M;PTF ENEL / CAMPOS / MANUT;472;0;0;0;0;0;ZMBT;FECA0301;DEP. PTF ENEL;;0;0;0;0
350529;CB AL.8 7/15KV 3X50MM2 MENS.ACO FP;BMUB;BMUB;M;PTF ENEL / CAMPOS / MANUT;235;0;0;0;0;0;ZMBT;FECA1201;DEP. PTF ENEL;;0;0;0;0
350530;CB AL 8 7/15KV 3X95MM2MENS.ACO FP;BMUB;BMUB;M;PTF ENEL / CAMPOS / MANUT;327;0;0;0;0;0;ZMBT;FECA1201;DEP. PTF ENEL;;0;0;0;0
350545;CB TRIP AL XLPE2X35+35MM 0 6/1KV  SUCATA;BMUB;BMUB;M;PTF ENEL / CAMPOS / MANUT;1;0;0;0;0;0;ZMAT;FECA0302;DEP. PTF ENEL;;0;0;0;0
350546;CB AL PROT XLPE 50MM2 15KV D21105 SUCATA;BMUB;BMUB;M;PTF ENEL / CAMPOS / MANUT;221;0;0;0;0;0;ZMAT;FECA1201;DEP. PTF ENEL;;0;0;0;0
350548;CB AL PROT XLPE 185MM2 15KV D2110 SUCATA;BMUB;BMUB;M;PTF ENEL / CAMPOS / MANUT;25;0;0;0;0;0;ZMAT;FECA1201;DEP. PTF ENEL;;0;0;0;0
380012;LANTERNA DE CAPACETE;BMUB;;PI;PTF ENEL / CAMPOS / MANUT;0;20;0;0;20;0;ZMBT;FZDS0700;;;0;0;0;0
380012;LANTERNA DE CAPACETE;BMUB;BMUB;PI;PTF ENEL / CAMPOS / MANUT;16;0;0;0;0;0;ZMBT;FZDS0700;DEP. PTF ENEL;;0;0;0;0
380030;KIT LANTERNA REFLETOR A BATERIA 18V LED;BMUB;BMUB;CDA;PTF ENEL / CAMPOS / MANUT;5;0;0;0;0;0;ZMAT;FEII1400;DEP. PTF ENEL;;0;0;0;0
380461;LANTERNA  TATICA DE MAO LED 250 30;BMUB;BMUB;UN;PTF ENEL / CAMPOS / MANUT;10;0;0;0;0;0;ZMBT;FZMO1000;DEP. PTF ENEL;;0;0;0;0
400044;CINTA POSTE CIRC.AL 230MM PM 1257 I9 R3;BMUB;BMUB;PEÇ;PTF ENEL / CAMPOS / MANUT;56;0;0;0;0;0;ZMBT;FEEM1400;DEP. PTF ENEL;;0;0;0;0
400310;PLACA DE IDENTIFICACAO  NAO OPERE HOMEN;BMUB;BMUB;UN;PTF ENEL / CAMPOS / MANUT;10;0;0;0;0;0;ZMBT;FZDS0700;DEP. PTF ENEL;;0;0;0;0
500107;REG TEN 1F 7 96KV 210A 167KVA FP;BMUB;BMUB;PEÇ;PTF ENEL / CAMPOS / MANUT;5;0;0;0;0;0;ZMBT;FETR1502;DEP. PTF ENEL;;0;0;0;0
500165;REGULA 7 62KV 167KVA 219A 1F A RECUPERAR;BMUB;BMUB;UN;PTF ENEL / CAMPOS / MANUT;12;0;0;0;0;0;ZMBT;FAAI0100;DEP. PTF ENEL;;0;0;0;0
510688;MED ELETR  1F ACT15 100A 120V   SUCATA;BMUB;BMUB;UN;PTF ENEL / CAMPOS / MANUT;95;0;0;0;0;0;ZMAT;FSCR0700;DEP. PTF ENEL;;0;0;0;0
510689;MED ELET GD TRI 15 120A 120V    SUCATA;BMUB;BMUB;UN;PTF ENEL / CAMPOS / MANUT;7;0;0;0;0;0;ZMAT;FSCR0800;DEP. PTF ENEL;;0;0;0;0
510693;MEDIDOR ELETR BIF MED DIR 15(120A)   SUC;BMUB;BMUB;UN;PTF ENEL / CAMPOS / MANUT;49;0;0;0;0;0;ZMAT;FSCR0700;DEP. PTF ENEL;;0;0;0;0
510695;MEDIDOR ELETR TRIF MED DIR 15(120)A   SU;BMUB;BMUB;UN;PTF ENEL / CAMPOS / MANUT;18;0;0;0;0;0;ZMAT;FSCR0800;DEP. PTF ENEL;;0;0;0;0
510699;MEDIDOR  KWH POLIF 3 ELEM 3 FA 4 FI   SU;BMUB;BMUB;UN;PTF ENEL / CAMPOS / MANUT;3;0;0;0;0;0;ZMAT;FSCR0800;DEP. PTF ENEL;;0;0;0;0
510747;MED ENERG ATIVA TRIF 15 120A SEM  SUCATA;BMUB;BMUB;PEÇ;PTF ENEL / CAMPOS / MANUT;1;0;0;0;0;0;ZMAT;FSCR0700;DEP. PTF ENEL;;0;0;0;0
510768;MEDIDOR  KWH POLIF 2 ELEM 3 FIOS SUCATA;BMUB;BMUB;UN;PTF ENEL / CAMPOS / MANUT;2;0;0;0;0;0;ZMAT;FSCR0800;DEP. PTF ENEL;;0;0;0;0
510769;MEDIDOR KWH MONO 1 ELEM 2FIOS   SUCATA;BMUB;BMUB;UN;PTF ENEL / CAMPOS / MANUT;6;0;0;0;0;0;ZMAT;FSCR0800;DEP. PTF ENEL;;0;0;0;0
510837;RGDAT A70 FAULT DETECTOR MV O TYPE 1;BMUB;BMUB;PEÇ;PTF ENEL / CAMPOS / MANUT;5;0;0;0;0;0;ZMBT;FTTE0500;DEP. PTF ENEL;;0;0;0;0
510905;MED. ELETR.15 120A 120V 3E 4F  199.59;BMUB;;PI;PTF ENEL / CAMPOS / MANUT;0;50;0;0;50;0;ZMBT;FSCR0400;;;0;0;0;0
510910;MED. ELETR.15 120A 120V 2E 3F  199.59;BMUB;;PI;PTF ENEL / CAMPOS / MANUT;0;100;0;0;100;0;ZMBT;FSCR0400;;;0;0;0;0
510918;MED. ELETR.15 100A 120V 1E 2F  199.59;BMUB;BMUB;PI;PTF ENEL / CAMPOS / MANUT;54;0;0;0;0;0;ZMBT;FSCR0400;DEP. PTF ENEL;;0;0;0;0
520391;PONTA PROVA  ALTA TENSAO P/ MULT E E077 ;BMUB;BMUB;UN;PTF ENEL / CAMPOS / MANUT;4;0;0;0;0;0;ZAT;FSME0106;DEP. PTF ENEL;;0;0;0;0
520431;SUC MED ELETR BR 120A 120V 2E 3F E EM0;BMUB;BMUB;UN;PTF ENEL / CAMPOS / MANUT;6;0;0;0;0;0;ZMAT;FSME0106;DEP. PTF ENEL;;0;0;0;0
530215;CONJ MED CXA DUPLA 15KV 3EL 10/5A D19080;BMUB;BMUB;PI;PTF ENEL / CAMPOS / MANUT;1;0;0;0;0;0;ZMBT;FETM2301;DEP. PTF ENEL;;0;0;0;0
531388;SUPOR TRAFO POSTE CIRC 210MM TP1 D421.01;BMUB;BMUB;PEÇ;PTF ENEL / CAMPOS / MANUT;10;0;0;0;0;0;ZMBT;FEEM1400;DEP. PTF ENEL;;0;0;0;0
531389;SUPOR TRAFO POSTE CIRC 255MM TP1 D421.01;BMUB;BMUB;PEÇ;PTF ENEL / CAMPOS / MANUT;48;0;0;0;0;0;ZMBT;FEEM1400;DEP. PTF ENEL;;0;0;0;0
531439;TP  11 4/13 5KV 230V EX D115.01.0 SUCATA;BMUB;BMUB;PEÇ;PTF ENEL / CAMPOS / MANUT;6;0;0;0;0;0;ZMAT;FETM2303;DEP. PTF ENEL;;0;0;0;0
531577;TP  11 4/13 5KV 230V EXT. D115.01.0;BMUB;BMUB;PEÇ;PTF ENEL / CAMPOS / MANUT;6;0;0;0;0;0;ZMBT;FETM2301;DEP. PTF ENEL;;0;0;0;0
531748;CONJ MED CXA DUPLA 15KV 3EL 500/5A ET 89;BMUB;BMUB;PEÇ;PTF ENEL / CAMPOS / MANUT;1;0;0;0;0;0;ZMBT;FETM2301;DEP. PTF ENEL;;0;0;0;0
580092;MONITOR REMOTO DE RAMAL D143.10.0;BMUB;BMUB;UN;PTF ENEL / CAMPOS / MANUT;11;0;0;0;0;0;ZMBT;FIHD0100;DEP. PTF ENEL;;0;0;0;0
600541;CINTA AMARRACAO CARGA C/CATRAC 50MMX5 4T;BMUB;BMUB;UN;PTF ENEL / CAMPOS / MANUT;2;0;0;0;0;0;ZMBT;FZDS0200;DEP. PTF ENEL;;0;0;0;0
601822;TERMO HIGROMETRO DIG   30 A 70GRC;BMUB;;UN;PTF ENEL / CAMPOS / MANUT;0;1;0;0;1;0;ZMBT;FSME0101;;;0;0;0;0
601822;TERMO HIGROMETRO DIG   30 A 70GRC;BMUB;BMUB;UN;PTF ENEL / CAMPOS / MANUT;2;0;0;0;0;0;ZMBT;FSME0101;DEP. PTF ENEL;;0;0;0;0
602122;UNIDADE TERMINAL UP2020 LITE L8 EXT B;BMUB;BMUB;PEÇ;PTF ENEL / CAMPOS / MANUT;14;0;0;0;0;0;ZMBT;FTTE0500;DEP. PTF ENEL;;0;0;0;0
640612;ELETRODUTO PVC SOLD 20MM  DDT1740I1R7;BMUB;BMUB;PEÇ;PTF ENEL / CAMPOS / MANUT;50;0;0;0;0;0;ZMBT;FMTU1200;DEP. PTF ENEL;;0;0;0;0
720005;MAQUINA DE CINTAR FITA DE ACO   FUSIMEC;BMUB;BMUB;CDA;PTF ENEL / CAMPOS / MANUT;1;0;0;0;0;0;ZMBT;FZMO1000;DEP. PTF ENEL;;0;0;0;0
720011;BOLSA FERRAMENTAS E EPI LONA VERDE     ;BMUB;BMUB;UN;PTF ENEL / CAMPOS / MANUT;19;0;0;0;0;0;ZMBT;FLMA0100;DEP. PTF ENEL;;0;0;0;0
730004;TALHA DE CATRACA 750;BMUB;BMUB;CDA;PTF ENEL / CAMPOS / MANUT;1;0;0;0;0;0;ZMBT;FLMS0600;DEP. PTF ENEL;;0;0;0;0
730086;BOLSA PARA PROTECAO DE OCULOS;BMUB;BMUB;UN;PTF ENEL / CAMPOS / MANUT;30;0;0;0;0;0;ZMBT;FZDP1000;DEP. PTF ENEL;;0;0;0;0
760043;MARRETA  5 0KG  800 MM  9 0 KN ET HS 188;BMUB;BMUB;CDA;PTF ENEL / CAMPOS / MANUT;5;0;0;0;0;0;ZMBT;FZAU0500;DEP. PTF ENEL;;0;0;0;0
760051;CHAVE FENDA ISOLADA  6 5X150MM ET HS 188;BMUB;BMUB;CDA;PTF ENEL / CAMPOS / MANUT;53;0;0;0;0;0;ZMBT;FZAU0400;DEP. PTF ENEL;;0;0;0;0
760053;CHAVE FENDA ISOLADA  5 0X100MM ET HS 188;BMUB;BMUB;CDA;PTF ENEL / CAMPOS / MANUT;53;0;0;0;0;0;ZMBT;FZAU0400;DEP. PTF ENEL;;0;0;0;0
760225;BASTAO  MANOBRA ISOLANTE PEGA TUDO ;BMUB;;UN;PTF ENEL / CAMPOS / MANUT;0;10;0;0;10;0;ZMBT;FZDS0300;;;0;0;0;0
760227;CAVADEIRA BOCA ARTICULAVEL 135X275M;BMUB;BMUB;UN;PTF ENEL / CAMPOS / MANUT;5;0;0;0;0;0;ZMBT;FZAU0500;DEP. PTF ENEL;;0;0;0;0
760228;FERRAMENTA  LOADBUSTER  14.4/25KV 6;BMUB;BMUB;UN;PTF ENEL / CAMPOS / MANUT;38;0;0;0;0;0;ZMBT;FZDS0200;DEP. PTF ENEL;;0;0;0;0
760261;ESTICADOR DE CABO ALUMINIO CA OU CAA.4 A;BMUB;BMUB;CDA;PTF ENEL / CAMPOS / MANUT;15;0;0;0;0;0;ZMBT;FZAU0500;DEP. PTF ENEL;;0;0;0;0
760262;ESTICADOR DE CABO CU.AL   CAA 3/0. 336 4;BMUB;BMUB;CDA;PTF ENEL / CAMPOS / MANUT;27;0;0;0;0;0;ZMBT;FEEM2000;DEP. PTF ENEL;;0;0;0;0
760264;ESTICADOR FIO DE COBRE 6 A 1/0 AWG  DIAM;BMUB;BMUB;CDA;PTF ENEL / CAMPOS / MANUT;12;0;0;0;0;0;ZMBT;FZAU0500;DEP. PTF ENEL;;0;0;0;0
760267;CONJUNTO DE MATRIZES PARA ALICATE HIDRAU;BMUB;;MM;PTF ENEL / CAMPOS / MANUT;0;3;0;0;3;0;ZMBT;FZAU0500;;;0;0;0;0
760279;MAT OMBR NOM 22 1544 EDBR   TALHA COM TI;BMUB;BMUB;CDA;PTF ENEL / CAMPOS / MANUT;4;0;0;0;0;0;ZMBT;FZAU0500;DEP. PTF ENEL;;0;0;0;0
760283;MAT OMBR NOM 22 1544 EDBR   FOICE   CABO;BMUB;BMUB;CDA;PTF ENEL / CAMPOS / MANUT;4;0;0;0;0;0;ZMBT;FZAU0500;DEP. PTF ENEL;;0;0;0;0
760285;ALICATE CORTA CABO DE ACO   SELOS   COM;BMUB;BMUB;CDA;PTF ENEL / CAMPOS / MANUT;14;0;0;0;0;0;ZMBT;FZAU0400;DEP. PTF ENEL;;0;0;0;0
760286;NIVELADOR DE ESCADAS;BMUB;BMUB;CDA;PTF ENEL / CAMPOS / MANUT;1;0;0;0;0;0;ZMBT;FZDS0200;DEP. PTF ENEL;;0;0;0;0
760288;MAT OMBR NOM 22 1544 EDBR   BASTAO PODAD;BMUB;BMUB;CDA;PTF ENEL / CAMPOS / MANUT;3;0;0;0;0;0;ZMBT;FZDS0300;DEP. PTF ENEL;;0;0;0;0
760294;CAPA PARA CONE PARA ROTA DE FUGA;BMUB;BMUB;CDA;PTF ENEL / CAMPOS / MANUT;57;0;0;0;0;0;ZMBT;FZDS0700;DEP. PTF ENEL;;0;0;0;0
760296;CAVADEIRA RETA TIPO VANAGA   MAT OMBR ;BMUB;BMUB;CDA;PTF ENEL / CAMPOS / MANUT;2;0;0;0;0;0;ZMBT;FZAU0500;DEP. PTF ENEL;;0;0;0;0
760326;CHAVE COMB BOCAS FIXA ESTRELA ANG 18MM  ;BMUB;BMUB;UN;PTF ENEL / CAMPOS / MANUT;16;0;0;0;0;0;ZMBT;FZAU0500;DEP. PTF ENEL;;0;0;0;0
760346;MARTELO  ACO  CABECA BOLEADA  250 G     ;BMUB;BMUB;UN;PTF ENEL / CAMPOS / MANUT;6;0;0;0;0;0;ZMBT;FZAU0500;DEP. PTF ENEL;;0;0;0;0
760351;CHAVE  COMBINADA  BOCAS FIXA ESTREL    ;BMUB;BMUB;UN;PTF ENEL / CAMPOS / MANUT;1;0;0;0;0;0;ZMBT;FZAU0500;DEP. PTF ENEL;;0;0;0;0
760357;CABECOTE UNIV P/MANOBRA INTER HSE 19 128;BMUB;;UN;PTF ENEL / CAMPOS / MANUT;0;3;0;0;3;0;ZMBT;FZDS0300;;;0;0;0;0
760357;CABECOTE UNIV P/MANOBRA INTER HSE 19 128;BMUB;BMUB;UN;PTF ENEL / CAMPOS / MANUT;6;0;0;0;0;0;ZMBT;FZDS0300;DEP. PTF ENEL;;0;0;0;0
760365;ALICATE  BOMBA DAGUA  ACO CROMO VAN     ;BMUB;BMUB;UN;PTF ENEL / CAMPOS / MANUT;1;0;0;0;0;0;ZMBT;FZAU0400;DEP. PTF ENEL;;0;0;0;0
760369;CHAVE  FENDA CRUZ  PH (PHILIPS) HAS     ;BMUB;BMUB;UN;PTF ENEL / CAMPOS / MANUT;59;0;0;0;0;0;ZMBT;FZAU0400;DEP. PTF ENEL;;0;0;0;0
760373;VARA MANOBRA SECCION FIBRA VIDRO 5 ELEM;BMUB;BMUB;CJT;PTF ENEL / CAMPOS / MANUT;19;0;0;0;0;0;ZMBT;FZDS0300;DEP. PTF ENEL;;0;0;0;0
760381;TESOURAO  CORTAR VERGALHOES  750MM     ;BMUB;BMUB;UN;PTF ENEL / CAMPOS / MANUT;2;0;0;0;0;0;ZMBT;FZAU0500;DEP. PTF ENEL;;0;0;0;0
760385;SOQUETE DE TERRA  MANUAL  COM CABO DE MA;BMUB;BMUB;CDA;PTF ENEL / CAMPOS / MANUT;5;0;0;0;0;0;ZMBT;FZAU0500;DEP. PTF ENEL;;0;0;0;0
760386;SERRA DE PODA TIPO JAPONES   MAT OMBR NO;BMUB;BMUB;CDA;PTF ENEL / CAMPOS / MANUT;25;0;0;0;0;0;ZMBT;FZAU0500;DEP. PTF ENEL;;0;0;0;0
760395;MARTELETE ROMPEDOR ELETRICO COM CABO   M;BMUB;BMUB;CDA;PTF ENEL / CAMPOS / MANUT;1;0;0;0;0;0;ZMBT;FZAU0100;DEP. PTF ENEL;;0;0;0;0
760397;MACHADO  MEDIO  ACO   MAT OMBR NOM 22 15;BMUB;BMUB;CDA;PTF ENEL / CAMPOS / MANUT;2;0;0;0;0;0;ZMBT;FZAU0500;DEP. PTF ENEL;;0;0;0;0
760404;FACA LAMINA CURVA E RETA COM A LAMINA IS;BMUB;BMUB;CDA;PTF ENEL / CAMPOS / MANUT;21;0;0;0;0;0;ZMBT;FZAU0400;DEP. PTF ENEL;;0;0;0;0
760410;DESENCAPADOR DE CONDUTORES   MAT OMBR NO;BMUB;BMUB;CDA;PTF ENEL / CAMPOS / MANUT;46;0;0;0;0;0;ZMBT;FZAU0400;DEP. PTF ENEL;;0;0;0;0
760455;ESCADA  TIPO OBLONGO 15KV  FIBRA  43D  C;BMUB;BMUB;CDA;PTF ENEL / CAMPOS / MANUT;2;0;0;0;0;0;ZMBT;FZAU1300;DEP. PTF ENEL;;0;0;0;0
760482;MOITAO TRIPLO ISOLADO PARA LINHA VIVA;BMUB;;CDA;PTF ENEL / CAMPOS / MANUT;0;1;0;0;1;0;ZMBT;FZAU0400;;;0;0;0;0
760484;LONA  3000X3000MM;BMUB;BMUB;CDA;PTF ENEL / CAMPOS / MANUT;4;0;0;0;0;0;ZMBT;FZAU0500;DEP. PTF ENEL;;0;0;0;0
760489;ALICATE CORTE FRONTAL DE 6 POL. ISOLADO;BMUB;BMUB;CDA;PTF ENEL / CAMPOS / MANUT;10;0;0;0;0;0;ZMBT;FZAU0400;DEP. PTF ENEL;;0;0;0;0
760502;KIT MOTOSERRA ELETRICA 18V PORTATIL SABR;BMUB;BMUB;CDA;PTF ENEL / CAMPOS / MANUT;1;0;0;0;0;0;ZMBT;FZAU0100;DEP. PTF ENEL;;0;0;0;0
760514;ARCO AJUST SERRA 658MM PODAS ARVORE;BMUB;BMUB;CDA;PTF ENEL / CAMPOS / MANUT;2;0;0;0;0;0;ZMBT;FZAU0500;DEP. PTF ENEL;;0;0;0;0
780005;ALICATE DE COMPRENSAO 12 TON;BMUB;BMUB;CDA;PTF ENEL / CAMPOS / MANUT;4;0;0;0;0;0;ZMBT;FZAU0500;DEP. PTF ENEL;;0;0;0;0
780010;RECIPIENTE PARA TRANSPORTE DE COMBUSTIVE;BMUB;BMUB;CDA;PTF ENEL / CAMPOS / MANUT;3;0;0;0;0;0;ZMBT;FZAU0500;DEP. PTF ENEL;;0;0;0;0
780569;PARAF AUTO ATARRA FE ZINC.6 3X38 D410.21;BMUB;BMUB;PEÇ;PTF ENEL / CAMPOS / MANUT;60;0;0;0;0;0;ZMBT;FMCF0100;DEP. PTF ENEL;;0;0;0;0
780570;PARAF.CABC.CILIND.FENDA FE ZINC.6 3X16MM;BMUB;BMUB;PEÇ;PTF ENEL / CAMPOS / MANUT;500;0;0;0;0;0;ZMBT;FMCF0100;DEP. PTF ENEL;;0;0;0;0
780580;PARAF.FENDA CAB.PLANA 5 0X50MMP/BUCHA S8;BMUB;BMUB;PEÇ;PTF ENEL / CAMPOS / MANUT;200;0;0;0;0;0;ZMBT;FMCF0100;DEP. PTF ENEL;;0;0;0;0
780597;CINTA P/POSTE CIRC 350MM D435.07;BMUB;BMUB;PEÇ;PTF ENEL / CAMPOS / MANUT;21;0;0;0;0;0;ZMBT;FEEM1400;DEP. PTF ENEL;;0;0;0;0
780607;PARAFUSO CB SEXT INOX 12X125 COMP D41019;BMUB;BMUB;UN;PTF ENEL / CAMPOS / MANUT;370;0;0;0;0;0;ZMBT;FMCF0100;DEP. PTF ENEL;;0;0;0;0
780653;PARAFUSO CAB QUAD AZ 16X200 D41010;BMUB;BMUB;UN;PTF ENEL / CAMPOS / MANUT;146;0;0;0;0;0;ZMBT;FMCF0100;DEP. PTF ENEL;;0;0;0;0
780654;PARAFUSO CAB QUAD AZ 16X250 D41010;BMUB;;UN;PTF ENEL / CAMPOS / MANUT;0;50;0;0;50;0;ZMBT;FMCF0100;;;0;0;0;0
780656;PARAFUSO CAB QUAD AZ 16X350 D41010;BMUB;BMUB;UN;PTF ENEL / CAMPOS / MANUT;36;0;0;0;0;0;ZMBT;FMCF0100;DEP. PTF ENEL;;0;0;0;0
780657;PARAFUSO CAB QUAD AZ 16X400 D41010;BMUB;BMUB;UN;PTF ENEL / CAMPOS / MANUT;105;0;0;0;0;0;ZMBT;FMCF0100;DEP. PTF ENEL;;0;0;0;0
780659;PARAFUSO CAB QUAD AZ 16X 50 D41010;BMUB;BMUB;UN;PTF ENEL / CAMPOS / MANUT;243;0;0;0;0;0;ZMBT;FMCF0100;DEP. PTF ENEL;;0;0;0;0
780730;HASTE ANCORA AZ 16X2400 D44501 FP;BMUB;BMUB;UN;PTF ENEL / CAMPOS / MANUT;17;0;0;0;0;0;ZMBT;FEEM1400;DEP. PTF ENEL;;0;0;0;0
780742;CINTA P/POSTE CIRC 230MM D435.07;BMUB;BMUB;PEÇ;PTF ENEL / CAMPOS / MANUT;717;0;0;0;0;0;ZMBT;FEEM1400;DEP. PTF ENEL;;0;0;0;0
780743;CINTA P/POSTE CIRC 250MM D435.07;BMUB;BMUB;PEÇ;PTF ENEL / CAMPOS / MANUT;364;0;0;0;0;0;ZMBT;FEEM1400;DEP. PTF ENEL;;0;0;0;0
780744;CINTA P/POSTE CIRC 270MM D435.07;BMUB;BMUB;PEÇ;PTF ENEL / CAMPOS / MANUT;91;0;0;0;0;0;ZMBT;FEEM1400;DEP. PTF ENEL;;0;0;0;0
780745;CINTA P/POSTE CIRC 290MM D435.07;BMUB;BMUB;PEÇ;PTF ENEL / CAMPOS / MANUT;301;0;0;0;0;0;ZMBT;FEEM1400;DEP. PTF ENEL;;0;0;0;0
780749;PINO CURTO ISOL AZ 190X36X36MM D51202;BMUB;BMUB;PEÇ;PTF ENEL / CAMPOS / MANUT;108;0;0;0;0;0;ZMBT;FEEM1400;DEP. PTF ENEL;;0;0;0;0
780751;PARAF CAB ABAUL LIGA AL M16X70 D90415;BMUB;BMUB;PEÇ;PTF ENEL / CAMPOS / MANUT;49;0;0;0;0;0;ZMBT;FMCF0100;DEP. PTF ENEL;;0;0;0;0
780752;PARAF CAB ABAUL LIGA AL M16X150 D90415;BMUB;BMUB;PEÇ;PTF ENEL / CAMPOS / MANUT;189;0;0;0;0;0;ZMBT;FMCF0100;DEP. PTF ENEL;;0;0;0;0
780753;PARAFUSO CAB ABAUL AZ 16X 45 D41015;BMUB;BMUB;PEÇ;PTF ENEL / CAMPOS / MANUT;82;0;0;0;0;0;ZMBT;FMCF0100;DEP. PTF ENEL;;0;0;0;0
780754;PARAFUSO CAB ABAUL AZ 16X 70 D41015;BMUB;BMUB;PEÇ;PTF ENEL / CAMPOS / MANUT;250;0;0;0;0;0;ZMBT;FMCF0100;DEP. PTF ENEL;;0;0;0;0
780755;PARAFUSO CAB ABAUL AZ 16X150 D41015;BMUB;BMUB;PEÇ;PTF ENEL / CAMPOS / MANUT;340;0;0;0;0;0;ZMBT;FMCF0100;DEP. PTF ENEL;;0;0;0;0
780758;PARAFUSO CAB QUAD AZ 16X125 D41010;BMUB;BMUB;PEÇ;PTF ENEL / CAMPOS / MANUT;97;0;0;0;0;0;ZMBT;FMCF0100;DEP. PTF ENEL;;0;0;0;0
780759;PARAFUSO CAB QUAD AZ 16X150 D41010;BMUB;BMUB;PEÇ;PTF ENEL / CAMPOS / MANUT;226;0;0;0;0;0;ZMBT;FMCF0100;DEP. PTF ENEL;;0;0;0;0
780760;PARAFUSO CAB QUAD AL M16X125 PM BR904.10;BMUB;BMUB;PEÇ;PTF ENEL / CAMPOS / MANUT;287;0;0;0;0;0;ZMBT;FMCF0100;DEP. PTF ENEL;;0;0;0;0
780764;PARAF.CAB.QUA350X270X16MM DED0045 I7R4FP;BMUB;BMUB;PEÇ;PTF ENEL / CAMPOS / MANUT;67;0;0;0;0;0;ZMBT;FMCF0100;DEP. PTF ENEL;;0;0;0;0
780767;PARAFUSO CAB QUAD AL M16X150 PM BR904.10;BMUB;BMUB;PEÇ;PTF ENEL / CAMPOS / MANUT;140;0;0;0;0;0;ZMBT;FMCF0100;DEP. PTF ENEL;;0;0;0;0
780768;PINO ISOL AZ CRUZETA 294X140X60MM D51202;BMUB;BMUB;PEÇ;PTF ENEL / CAMPOS / MANUT;43;0;0;0;0;0;ZMBT;FEEM1400;DEP. PTF ENEL;;0;0;0;0
780769;PARAFUSO CAB QUAD AL M16X200 D1261 FP;BMUB;BMUB;PEÇ;PTF ENEL / CAMPOS / MANUT;377;0;0;0;0;0;ZMBT;FMCF0100;DEP. PTF ENEL;;0;0;0;0
780770;PARAFUSO CAB QUAD AL M16X250 D1261 FP;BMUB;BMUB;PEÇ;PTF ENEL / CAMPOS / MANUT;402;0;0;0;0;0;ZMBT;FMCF0100;DEP. PTF ENEL;;0;0;0;0
780771;PORCA DE ACO CARBONO  DED 0047 R.4 FP;BMUB;BMUB;PEÇ;PTF ENEL / CAMPOS / MANUT;629;0;0;0;0;0;ZMBT;FMCF0100;DEP. PTF ENEL;;0;0;0;0
780773;PARAFUSO CAB QUAD AL M16X350 PM BR904.10;BMUB;BMUB;PEÇ;PTF ENEL / CAMPOS / MANUT;137;0;0;0;0;0;ZMBT;FMCF0100;DEP. PTF ENEL;;0;0;0;0
780775;PARAFUSO  CABECA QUAD. LIGA AL 450X370X1;BMUB;BMUB;PEÇ;PTF ENEL / CAMPOS / MANUT;178;0;0;0;0;0;ZMBT;FMCF0100;DEP. PTF ENEL;;0;0;0;0
780779;PARAFUSO ROSCA DUP AZ 16X400 R175 D41028;BMUB;BMUB;PEÇ;PTF ENEL / CAMPOS / MANUT;165;0;0;0;0;0;ZMBT;FMCF0100;DEP. PTF ENEL;;0;0;0;0
780780;PARAFUSO ROSCA DUP AZ 16X450 R200 D41028;BMUB;BMUB;PEÇ;PTF ENEL / CAMPOS / MANUT;7;0;0;0;0;0;ZMBT;FMCF0100;DEP. PTF ENEL;;0;0;0;0
780781;PARAFUSO ROSCA DUP AZ 16X500 R225 D41028;BMUB;BMUB;PEÇ;PTF ENEL / CAMPOS / MANUT;142;0;0;0;0;0;ZMBT;FMCF0100;DEP. PTF ENEL;;0;0;0;0
780782;PARAFUSO ROSCA DUP AZ 16X550 R250 D41028;BMUB;BMUB;PEÇ;PTF ENEL / CAMPOS / MANUT;72;0;0;0;0;0;ZMBT;FMCF0100;DEP. PTF ENEL;;0;0;0;0
780783;PARAFUSO ROSCA DUP AZ 16X600 R275 D41028;BMUB;BMUB;PEÇ;PTF ENEL / CAMPOS / MANUT;23;0;0;0;0;0;ZMBT;FMCF0100;DEP. PTF ENEL;;0;0;0;0
780784;PARAF ROSC DUP AL 400X175X16MM DQN 1991;BMUB;BMUB;PEÇ;PTF ENEL / CAMPOS / MANUT;183;0;0;0;0;0;ZMBT;FMCF0100;DEP. PTF ENEL;;0;0;0;0
780785;PARAF ROSC DUP AL 450X200X16MM DQN 1991;BMUB;BMUB;PEÇ;PTF ENEL / CAMPOS / MANUT;25;0;0;0;0;0;ZMBT;FMCF0100;DEP. PTF ENEL;;0;0;0;0
780786;PARAF ROSC DUP AL 500X225X16MM DQN 1991;BMUB;BMUB;PEÇ;PTF ENEL / CAMPOS / MANUT;43;0;0;0;0;0;ZMBT;FMCF0100;DEP. PTF ENEL;;0;0;0;0
780787;PARAF ROSC DUP AL 550X250X16MM DQN 1991;BMUB;BMUB;PEÇ;PTF ENEL / CAMPOS / MANUT;55;0;0;0;0;0;ZMBT;FMCF0100;DEP. PTF ENEL;;0;0;0;0
780788;PARAF ROSC DUP AL 600X275X16MM DQN 1991;BMUB;BMUB;PEÇ;PTF ENEL / CAMPOS / MANUT;184;0;0;0;0;0;ZMBT;FMCF0100;DEP. PTF ENEL;;0;0;0;0
780820;PINO AUTOTRAVANTE ISOL 190X140 D51507 FP;BMUB;;PEÇ;PTF ENEL / CAMPOS / MANUT;0;132;0;0;132;0;ZMBT;FEEM1400;;;0;0;0;0
780820;PINO AUTOTRAVANTE ISOL 190X140 D51507 FP;BMUB;BMUB;PEÇ;PTF ENEL / CAMPOS / MANUT;1;0;0;0;0;0;ZMBT;FEEM1400;DEP. PTF ENEL;;0;0;0;0
781309;CAIXA  FERRAMENTAS ELETRICISTA  TIP     ;BMUB;BMUB;UN;PTF ENEL / CAMPOS / MANUT;17;0;0;0;0;0;ZMBT;FZAU1000;DEP. PTF ENEL;;0;0;0;0
800218;LUVA DE VAQUETA TAM. G 270X150MM;BMUB;BMUB;UN;PTF ENEL / CAMPOS / MANUT;78;0;0;0;0;0;ZMBT;FZDP0700;DEP. PTF ENEL;;0;0;0;0
800219;LUVA DE VAQUETA TAM. M 225X130MM;BMUB;BMUB;UN;PTF ENEL / CAMPOS / MANUT;73;0;0;0;0;0;ZMBT;FZDP0700;DEP. PTF ENEL;;0;0;0;0
800250;FITA AMARRACAO ACO INOX NAT 12 7MM X 20M;BMUB;BMUB;M;PTF ENEL / CAMPOS / MANUT;100;0;0;0;0;0;ZMBT;FEEM1400;DEP. PTF ENEL;;0;0;0;0
800258;LAMINA DESLIG TIPO C 17.5KV 300A D19806;BMUB;BMUB;PEÇ;PTF ENEL / CAMPOS / MANUT;89;0;0;0;0;0;ZMBT;FEFU0200;DEP. PTF ENEL;;0;0;0;0
820093;ISOLADOR  DIV.TIPO INSERVIVEL SUCATA;BMUB;BMUB;KG;PTF ENEL / CAMPOS / MANUT;6577;0;0;0;0;0;ZMAT;FCMS0800;DEP. PTF ENEL;;0;0;0;0
820100;POSTE  FE OXIDADO DIV TAMANHOS SUCATA;BMUB;BMUB;PEÇ;PTF ENEL / CAMPOS / MANUT;3;0;0;0;0;0;ZMAT;FCMS0800;DEP. PTF ENEL;;0;0;0;0
820104;FIO CABO COBRE ISOLADO DIV TIP SUCATA;BMUB;BMUB;KG;PTF ENEL / CAMPOS / MANUT;11;0;0;0;0;0;ZMAT;FCMS0800;DEP. PTF ENEL;;0;0;0;0
820485;BATERIA P/SE DIVERSOS TIPOS CAPAC SUCATA;BMUB;BMUB;KG;PTF ENEL / CAMPOS / MANUT;1;0;0;0;0;0;ZMAT;FCMS0800;DEP. PTF ENEL;;0;0;0;0
850008;CJ ATERR TEMP SELA RD MT  SOLO ET HS 189;BMUB;BMUB;CDA;PTF ENEL / CAMPOS / MANUT;1;0;0;0;0;0;ZAT;FZDS0100;DEP. PTF ENEL;;0;0;0;0
850028;ATERRAMENTO RAP. CUBIC. 13 8KV ET HS 189;BMUB;;CDA;PTF ENEL / CAMPOS / MANUT;0;1;0;0;1;0;ZMBT;FZDS0100;;;0;0;0;0
850028;ATERRAMENTO RAP. CUBIC. 13 8KV ET HS 189;BMUB;BMUB;CDA;PTF ENEL / CAMPOS / MANUT;3;0;0;0;0;0;ZMBT;FZDS0100;DEP. PTF ENEL;;0;0;0;0
850029;CAPACETE SEG. FRO. CL.B BRANCO ET HS 311;BMUB;;CDA;PTF ENEL / CAMPOS / MANUT;0;10;0;0;10;0;ZAT;FZDP0800;;;0;0;0;0
850033;MANGA PROT  AT  CL4  LARANJA G ET HS 216;BMUB;;PAR;PTF ENEL / CAMPOS / MANUT;0;5;0;0;5;0;ZMBT;FZDP0700;;;0;0;0;0
850034;MANGA PROT  AT  CL2  AMARELA G ET HS 216;BMUB;BMUB;PAR;PTF ENEL / CAMPOS / MANUT;16;0;0;0;0;0;ZMBT;FZDP0700;DEP. PTF ENEL;;0;0;0;0
850043;CAMISA RETARDANTE CHAMA LONG XG ET HS 55;BMUB;BMUB;CDA;PTF ENEL / CAMPOS / MANUT;11;0;0;0;0;0;ZMBT;FZDP0900;DEP. PTF ENEL;;0;0;0;0
850045;CALCA RETARD CHAMA  TAM XG(60)  ET HS 55;BMUB;BMUB;CDA;PTF ENEL / CAMPOS / MANUT;20;0;0;0;0;0;ZMBT;FZDP0900;DEP. PTF ENEL;;0;0;0;0
850075;LUVA DE VAQUETA  P  225X120MM  ET HS 218;BMUB;BMUB;PAR;PTF ENEL / CAMPOS / MANUT;10;0;0;0;0;0;ZMBT;FZDP0700;DEP. PTF ENEL;;0;0;0;0
850078;LUVA ISOL. BORR. 11  CL0  1KV ET HS 216;BMUB;;PAR;PTF ENEL / CAMPOS / MANUT;0;15;0;0;15;0;ZMBT;FZDP0700;;;0;0;0;0
850078;LUVA ISOL. BORR. 11  CL0  1KV ET HS 216;BMUB;BMUB;PAR;PTF ENEL / CAMPOS / MANUT;61;0;0;0;0;0;ZMBT;FZDP0700;DEP. PTF ENEL;;0;0;0;0
850095;PERNEIRA DE SEGURANCA C/ FIVELA ET HS 65;BMUB;;PAR;PTF ENEL / CAMPOS / MANUT;0;60;0;0;60;0;ZMBT;FZDS0200;;;0;0;0;0
850095;PERNEIRA DE SEGURANCA C/ FIVELA ET HS 65;BMUB;BMUB;PAR;PTF ENEL / CAMPOS / MANUT;8;0;0;0;0;0;ZMBT;FZDS0200;DEP. PTF ENEL;;0;0;0;0
850097;CONJ. CAPACETE+PROT FACIAL BR  ET HS 311;BMUB;BMUB;CDA;PTF ENEL / CAMPOS / MANUT;18;0;0;0;0;0;ZMBT;FZDP0800;DEP. PTF ENEL;;0;0;0;0
850098;OCULOS SEGURANCA LENTE INCOLOR ET HS 130;BMUB;BMUB;CDA;PTF ENEL / CAMPOS / MANUT;114;0;0;0;0;0;ZMBT;FZDS0200;DEP. PTF ENEL;;0;0;0;0
850100;OCULOS SEG LENTE CINZA TON.2 0 ET HS 130;BMUB;BMUB;CDA;PTF ENEL / CAMPOS / MANUT;54;0;0;0;0;0;ZMBT;FZDS0200;DEP. PTF ENEL;;0;0;0;0
850104;ATERR RAP RD PR 3F SOLO SUBCJ1 ET HS 189;BMUB;;CDA;PTF ENEL / CAMPOS / MANUT;0;1;0;0;1;0;ZMBT;FZDS0100;;;0;0;0;0
850104;ATERR RAP RD PR 3F SOLO SUBCJ1 ET HS 189;BMUB;BMUB;CDA;PTF ENEL / CAMPOS / MANUT;2;0;0;0;0;0;ZMBT;FZDS0100;DEP. PTF ENEL;;0;0;0;0
850154;SACOLA  LONA  VERDE 30X48X60CM ET HS 128;BMUB;;CDA;PTF ENEL / CAMPOS / MANUT;0;5;0;0;5;0;ZMBT;FZMO1000;;;0;0;0;0
850154;SACOLA  LONA  VERDE 30X48X60CM ET HS 128;BMUB;BMUB;CDA;PTF ENEL / CAMPOS / MANUT;12;0;0;0;0;0;ZMBT;FZMO1000;DEP. PTF ENEL;;0;0;0;0
850156;TALABARTE SIMPLES TIPO I DIEL. ET HS 128;BMUB;BMUB;CDA;PTF ENEL / CAMPOS / MANUT;44;0;0;0;0;0;ZMBT;FZDP0600;DEP. PTF ENEL;;0;0;0;0
850174;BOTA SEG BORRACHA PRETA 44 EMS05;BMUB;BMUB;PAR;PTF ENEL / CAMPOS / MANUT;10;0;0;0;0;0;ZMBT;FZDP0400;DEP. PTF ENEL;;0;0;0;0
850175;BOTA SEG BORRACHA PRETA 43 EMS05;BMUB;BMUB;PAR;PTF ENEL / CAMPOS / MANUT;14;0;0;0;0;0;ZMBT;FZDP0400;DEP. PTF ENEL;;0;0;0;0
850176;BOTA SEG BORRACHA PRETA/MARROM TAM 42;BMUB;;PAR;PTF ENEL / CAMPOS / MANUT;0;10;0;0;10;0;ZMBT;FZDP0400;;;0;0;0;0
850176;BOTA SEG BORRACHA PRETA/MARROM TAM 42;BMUB;BMUB;PAR;PTF ENEL / CAMPOS / MANUT;7;0;0;0;0;0;ZMBT;FZDP0400;DEP. PTF ENEL;;0;0;0;0
850177;BOTA SEG BORRACHA PRETA/MARROM TAM 41;BMUB;;PAR;PTF ENEL / CAMPOS / MANUT;0;10;0;0;10;0;ZMBT;FZDP0400;;;0;0;0;0
850178;BOTA SEG BORRACHA PRETA/MARROM TAM 40;BMUB;BMUB;PAR;PTF ENEL / CAMPOS / MANUT;10;0;0;0;0;0;ZMBT;FZDP0400;DEP. PTF ENEL;;0;0;0;0
850200;BOTA SEG COURO SOLADO PU PRETA 45 EMS06;BMUB;BMUB;PAR;PTF ENEL / CAMPOS / MANUT;13;0;0;0;0;0;ZMBT;FZDP0400;DEP. PTF ENEL;;0;0;0;0
850274;PROTETOR SOLAR LUVEX FPS 60 120G C/ REP.;BMUB;BMUB;UN;PTF ENEL / CAMPOS / MANUT;216;0;0;0;0;0;ZMBT;FZDS0200;DEP. PTF ENEL;;0;0;0;0
850315;CONJ PROT CHUVA JAQ+CAL TAM P HSE 19 129;BMUB;BMUB;CJT;PTF ENEL / CAMPOS / MANUT;32;0;0;0;0;0;ZMBT;FZDS0200;DEP. PTF ENEL;;0;0;0;0
850316;CONJ PROT CHUVA JAQ+CALTAM EG HSE 19 129;BMUB;;CJT;PTF ENEL / CAMPOS / MANUT;0;16;0;0;16;0;ZMBT;FZDS0200;;;0;0;0;0
850316;CONJ PROT CHUVA JAQ+CALTAM EG HSE 19 129;BMUB;BMUB;CJT;PTF ENEL / CAMPOS / MANUT;16;0;0;0;0;0;ZMBT;FZDS0200;DEP. PTF ENEL;;0;0;0;0
850317;BANQUETA ISOLANTE FIBRA DE VIDRO ANTI DE;BMUB;BMUB;UN;PTF ENEL / CAMPOS / MANUT;11;0;0;0;0;0;ZMBT;FZDS0200;DEP. PTF ENEL;;0;0;0;0
850318;CAIXA PRIMEIROS SOCORROS CONJ TIPO 1;BMUB;BMUB;UN;PTF ENEL / CAMPOS / MANUT;7;0;0;0;0;0;ZMBT;FZDS0200;DEP. PTF ENEL;;0;0;0;0
850319;CALCA RET CHAMA TAM PP(34 36) HSE 17 055;BMUB;BMUB;UN;PTF ENEL / CAMPOS / MANUT;85;0;0;0;0;0;ZMBT;FZDP0900;DEP. PTF ENEL;;0;0;0;0
850321;CALCA RET CHAMA TAM M(42 44) HSE 17 055;BMUB;BMUB;UN;PTF ENEL / CAMPOS / MANUT;17;0;0;0;0;0;ZMBT;FZDP0900;DEP. PTF ENEL;;0;0;0;0
850322;CALCA RET CHAMA TAM G(46 44) HSE 17 055;BMUB;BMUB;UN;PTF ENEL / CAMPOS / MANUT;10;0;0;0;0;0;ZMBT;FZDP0900;DEP. PTF ENEL;;0;0;0;0
850323;CALCA RET CHAMA TAM GG(50 52)HSE 17 055;BMUB;BMUB;UN;PTF ENEL / CAMPOS / MANUT;1;0;0;0;0;0;ZMBT;FZDP0900;DEP. PTF ENEL;;0;0;0;0
850331;CAMISA RET CHAMA LONG GG(56 58)HSE 17 55;BMUB;BMUB;UN;PTF ENEL / CAMPOS / MANUT;39;0;0;0;0;0;ZMBT;FZDP0900;DEP. PTF ENEL;;0;0;0;0
850360;FURADEIRA ELETRICA PORTATIL 220V 40;BMUB;BMUB;UN;PTF ENEL / CAMPOS / MANUT;3;0;0;0;0;0;ZMBT;FZAU0500;DEP. PTF ENEL;;0;0;0;0
850387;HASTE ATERR ACO COBR 3/4 3000MM D80001;BMUB;BMUB;PEÇ;PTF ENEL / CAMPOS / MANUT;42;0;0;0;0;0;ZMBT;FEEM0300;DEP. PTF ENEL;;0;0;0;0
850444;TRAVA QUEDA P/CORDAS TRAB ALT HSE 19 128;BMUB;BMUB;UN;PTF ENEL / CAMPOS / MANUT;4;0;0;0;0;0;ZMBT;FZDP0500;DEP. PTF ENEL;;0;0;0;0
850453;LUVA SEG AT BORR 9 0 CL2 17KV HSE20 216;BMUB;BMUB;PAR;PTF ENEL / CAMPOS / MANUT;30;0;0;0;0;0;ZMBT;FZDP0700;DEP. PTF ENEL;;0;0;0;0
850454;LUVA SEG AT BORR 9 5 CL2 17KV HSE20 216;BMUB;BMUB;PAR;PTF ENEL / CAMPOS / MANUT;60;0;0;0;0;0;ZMBT;FZDP0700;DEP. PTF ENEL;;0;0;0;0
850455;LUVA SEG AT BOR 10 CL2 17KV HSE20 216;BMUB;BMUB;PAR;PTF ENEL / CAMPOS / MANUT;20;0;0;0;0;0;ZMBT;FZDP0700;DEP. PTF ENEL;;0;0;0;0
850459;CARNEIRA  REGULAVEL  P/CAPACETE V G;BMUB;BMUB;UN;PTF ENEL / CAMPOS / MANUT;6;0;0;0;0;0;ZMBT;FZDP0800;DEP. PTF ENEL;;0;0;0;0
850463;BOLSA  GUARDA LUVAS ISOLANTE LONA I;BMUB;BMUB;UN;PTF ENEL / CAMPOS / MANUT;41;0;0;0;0;0;ZMBT;FZMO1000;DEP. PTF ENEL;;0;0;0;0
850465;BALDE  LONA FIO 10 IMPERMEAVEL ALT;BMUB;BMUB;UN;PTF ENEL / CAMPOS / MANUT;17;0;0;0;0;0;ZMBT;FZDS0200;DEP. PTF ENEL;;0;0;0;0
850466;BOTINA COURO C/CAD N°37 HSE 19 0131 EDGO;BMUB;BMUB;PAR;PTF ENEL / CAMPOS / MANUT;24;0;0;0;0;0;ZMBT;FZDP0400;DEP. PTF ENEL;;0;0;0;0
850467;BOTINA COURO C/CAD N°38 HSE 19 0131 EDGO;BMUB;BMUB;PAR;PTF ENEL / CAMPOS / MANUT;16;0;0;0;0;0;ZMBT;FZDP0400;DEP. PTF ENEL;;0;0;0;0
850468;BOTINA COURO C/CAD N°39 HSE 19 0131 EDGO;BMUB;BMUB;PAR;PTF ENEL / CAMPOS / MANUT;15;0;0;0;0;0;ZMBT;FZDP0400;DEP. PTF ENEL;;0;0;0;0
850471;BOTINA COURO C/CAD N°43 HSE 19 0131 EDGO;BMUB;BMUB;PAR;PTF ENEL / CAMPOS / MANUT;7;0;0;0;0;0;ZMBT;FZDP0400;DEP. PTF ENEL;;0;0;0;0
850472;CONE  SINALIZACAO  PVC FLEXIVEL LAR;BMUB;BMUB;UN;PTF ENEL / CAMPOS / MANUT;86;0;0;0;0;0;ZMBT;FZDS0700;DEP. PTF ENEL;;0;0;0;0
850473;PRENDEDOR  PARA UTILIZ EM COBERTURA;BMUB;BMUB;UN;PTF ENEL / CAMPOS / MANUT;4;0;0;0;0;0;ZMBT;FZDS0200;DEP. PTF ENEL;;0;0;0;0
850474;LUVA ISOL. BORR. 10 CL0  1KV  ET HS 216;BMUB;BMUB;PAR;PTF ENEL / CAMPOS / MANUT;41;0;0;0;0;0;ZMBT;FZDP0700;DEP. PTF ENEL;;0;0;0;0
850476;LUVA ISOL. BORR. 9  CL0  1KV  ET HS 216;BMUB;BMUB;PAR;PTF ENEL / CAMPOS / MANUT;20;0;0;0;0;0;ZMBT;FZDP0700;DEP. PTF ENEL;;0;0;0;0
850488;LUVA PROTECAO COBERTURA TAM. P;BMUB;BMUB;PAR;PTF ENEL / CAMPOS / MANUT;120;0;0;0;0;0;ZMBT;FZDP0700;DEP. PTF ENEL;;0;0;0;0
850490;LUVA PROTECAO COBERTURA TAM. G;BMUB;BMUB;PAR;PTF ENEL / CAMPOS / MANUT;33;0;0;0;0;0;ZMBT;FZDP0700;DEP. PTF ENEL;;0;0;0;0
850491;LUVA SEG AT BOR 10 CL4 36KV HSE20 216;BMUB;BMUB;PAR;PTF ENEL / CAMPOS / MANUT;10;0;0;0;0;0;ZMBT;FZDP0700;DEP. PTF ENEL;;0;0;0;0
850492;BOLSA  PARA FERRAMENTAS  LONA VERDE;BMUB;BMUB;UN;PTF ENEL / CAMPOS / MANUT;14;0;0;0;0;0;ZMBT;FLMA0100;DEP. PTF ENEL;;0;0;0;0
850497;LUVA PROTECAO COBERTURA TAM. M;BMUB;BMUB;PAR;PTF ENEL / CAMPOS / MANUT;76;0;0;0;0;0;ZMBT;FZDP0700;DEP. PTF ENEL;;0;0;0;0
850502;LUVA SEG AT BOR 10 5 CL2 17KV HSE20 216;BMUB;BMUB;PAR;PTF ENEL / CAMPOS / MANUT;10;0;0;0;0;0;ZMBT;FZDP0700;DEP. PTF ENEL;;0;0;0;0
850510;LUVA SEG AT BOR 9 5 CL4 36KV HSE20 216;BMUB;;PAR;PTF ENEL / CAMPOS / MANUT;0;5;0;0;5;0;ZMBT;FZDP0700;;;0;0;0;0
850511;MACACAO  SEG. APICULTOR TAM. G;BMUB;;CJT;PTF ENEL / CAMPOS / MANUT;0;3;0;0;3;0;ZMBT;FZDS0200;;;0;0;0;0
850511;MACACAO  SEG. APICULTOR TAM. G;BMUB;BMUB;CJT;PTF ENEL / CAMPOS / MANUT;6;0;0;0;0;0;ZMBT;FZDS0200;DEP. PTF ENEL;;0;0;0;0
850514;ATERRAMENTO RAPIDO  REDE SECUNDARIA;BMUB;BMUB;CJT;PTF ENEL / CAMPOS / MANUT;5;0;0;0;0;0;ZMBT;FZDS0100;DEP. PTF ENEL;;0;0;0;0
850516;LONA PLAST EQ/FERR SOLO LA/PR HSE 19 128;BMUB;BMUB;M;PTF ENEL / CAMPOS / MANUT;12;0;0;0;0;0;ZMBT;FZAU0500;DEP. PTF ENEL;;0;0;0;0
850521;CORDA  SEGURANCA ESTATICA  POLIAMID;BMUB;BMUB;M;PTF ENEL / CAMPOS / MANUT;900;0;0;0;0;0;ZMBT;FZDP0600;DEP. PTF ENEL;;0;0;0;0
850525;CONJ TRAB ALTURA P/POSTES N:1 HSE 19 128;BMUB;BMUB;CJT;PTF ENEL / CAMPOS / MANUT;3;0;0;0;0;0;ZMBT;FZDP0600;DEP. PTF ENEL;;0;0;0;0
850527;CONJ TRAB ALTURA P/POSTES N:2 HSE 19 128;BMUB;BMUB;CJT;PTF ENEL / CAMPOS / MANUT;2;0;0;0;0;0;ZMBT;FZDP0600;DEP. PTF ENEL;;0;0;0;0
850537;LUVA ISOL. BORR. 9 5 CL0 1KV  ET HS 216;BMUB;BMUB;PAR;PTF ENEL / CAMPOS / MANUT;10;0;0;0;0;0;ZMBT;FZDP0700;DEP. PTF ENEL;;0;0;0;0
850541;LUVA SEG AT BOR 11 CL2 17KV HSE20 216;BMUB;;PAR;PTF ENEL / CAMPOS / MANUT;0;5;0;0;5;0;ZMBT;FZDP0700;;;0;0;0;0
850543;MANGA ISOL AT CL2 17KV M ET HS 216;BMUB;BMUB;PAR;PTF ENEL / CAMPOS / MANUT;14;0;0;0;0;0;ZMBT;FZDP0700;DEP. PTF ENEL;;0;0;0;0
850547;GANCHO P/CARRETILHA DUPLA ACAO ET HS 128;BMUB;BMUB;CDA;PTF ENEL / CAMPOS / MANUT;10;0;0;0;0;0;ZMBT;FZMO1000;DEP. PTF ENEL;;0;0;0;0
850548;FITA ANCORAGEM TRANSPOSIC 1 5M ET HS 128;BMUB;BMUB;CDA;PTF ENEL / CAMPOS / MANUT;30;0;0;0;0;0;ZMBT;FZDP0600;DEP. PTF ENEL;;0;0;0;0
850549;FITA ANCORAGEM TRANSPOSIC 1 2M ET HS 128;BMUB;BMUB;CDA;PTF ENEL / CAMPOS / MANUT;30;0;0;0;0;0;ZMBT;FZDP0600;DEP. PTF ENEL;;0;0;0;0
850550;FITA ANCORAGEM ABSOR 1 2M 25KN ET HS 128;BMUB;BMUB;CDA;PTF ENEL / CAMPOS / MANUT;30;0;0;0;0;0;ZMBT;FZDP0600;DEP. PTF ENEL;;0;0;0;0
850551;FITA ANCORAG ANEL C/OLHAL 2 0M ET HS 128;BMUB;BMUB;CDA;PTF ENEL / CAMPOS / MANUT;1;0;0;0;0;0;ZMBT;FZDP0600;DEP. PTF ENEL;;0;0;0;0
850552;FITA ANCORAG ANEL C/OLHAL 1 5M ET HS 128;BMUB;BMUB;CDA;PTF ENEL / CAMPOS / MANUT;27;0;0;0;0;0;ZMBT;FZDP0600;DEP. PTF ENEL;;0;0;0;0
850554;DISPOSITIVO ANCORAG.FECH MEDIO ET HS 128;BMUB;BMUB;CDA;PTF ENEL / CAMPOS / MANUT;9;0;0;0;0;0;ZMBT;FZDP0600;DEP. PTF ENEL;;0;0;0;0
850559;CINTURAO SEG PQDT LINHAVIVA N2 ET HS 128;BMUB;BMUB;CDA;PTF ENEL / CAMPOS / MANUT;1;0;0;0;0;0;ZMBT;FZDP0600;DEP. PTF ENEL;;0;0;0;0
850560;CINTURAO SEG PQDT LINHAVIVA N1 ET HS 128;BMUB;BMUB;CDA;PTF ENEL / CAMPOS / MANUT;3;0;0;0;0;0;ZMBT;FZDP0600;DEP. PTF ENEL;;0;0;0;0
850561;CINTURAO SEG TIP PARA QUED N1  ET HS 128;BMUB;BMUB;CDA;PTF ENEL / CAMPOS / MANUT;24;0;0;0;0;0;ZMBT;FZDP0600;DEP. PTF ENEL;;0;0;0;0
850562;CARRETILHA DUPLA ACAO C/ CORDA ET HS 128;BMUB;BMUB;CDA;PTF ENEL / CAMPOS / MANUT;31;0;0;0;0;0;ZMBT;FZDP0600;DEP. PTF ENEL;;0;0;0;0
850566;LUVA DE SUEDINE SEM COST TAM.G ET HS 218;BMUB;BMUB;PAR;PTF ENEL / CAMPOS / MANUT;101;0;0;0;0;0;ZMBT;FZDP0700;DEP. PTF ENEL;;0;0;0;0
850568;LUVA DE SUEDINE SEM COST TAM.M ET HS 218;BMUB;BMUB;PAR;PTF ENEL / CAMPOS / MANUT;79;0;0;0;0;0;ZMBT;FZDP0700;DEP. PTF ENEL;;0;0;0;0
850611;HASTE ATERRAMENTO ACO CU 5/8POL PM1945I2;BMUB;BMUB;UN;PTF ENEL / CAMPOS / MANUT;182;0;0;0;0;0;ZMBT;FEEM0300;DEP. PTF ENEL;;0;0;0;0
850640;CINTA ANCORAGEM POLIESTER 1500MM EMS34;BMUB;BMUB;UN;PTF ENEL / CAMPOS / MANUT;90;0;0;0;0;0;ZMBT;FZDP0600;DEP. PTF ENEL;;0;0;0;0
850646;BANDEIROLA SINAL.VINIL VERMELHA C/ BOTAO;BMUB;BMUB;UN;PTF ENEL / CAMPOS / MANUT;44;0;0;0;0;0;ZMBT;FZDS0700;DEP. PTF ENEL;;0;0;0;0
850681;DETECTOR TENSAO C/SINAL SON/LUM 1000VAC ;BMUB;BMUB;UN;PTF ENEL / CAMPOS / MANUT;4;0;0;0;0;0;ZMBT;FZDS0200;DEP. PTF ENEL;;0;0;0;0
850682;FITA SINALIZACAO 220.15.0     ;BMUB;BMUB;M;PTF ENEL / CAMPOS / MANUT;200;0;0;0;0;0;ZMBT;FZDS0700;DEP. PTF ENEL;;0;0;0;0
850687;BOTINA COURO C/CAD N°36 HSE 19 0131 EDGO;BMUB;BMUB;PAR;PTF ENEL / CAMPOS / MANUT;5;0;0;0;0;0;ZMBT;FZDP0400;DEP. PTF ENEL;;0;0;0;0
850697;CONJUNTO EQUIP. RESGATE AEREO HSE 19 128;BMUB;BMUB;CJT;PTF ENEL / CAMPOS / MANUT;3;0;0;0;0;0;ZMBT;FZDP0600;DEP. PTF ENEL;;0;0;0;0
850726;GANCHO PARA BOLSA DE FERRAMENTA TIPO CAN;BMUB;BMUB;CDA;PTF ENEL / CAMPOS / MANUT;25;0;0;0;0;0;ZMBT;FLMS0600;DEP. PTF ENEL;;0;0;0;0
850732;LENCOL DE BORRACHA ISOLANTE DE 15KV INTE;BMUB;BMUB;CDA;PTF ENEL / CAMPOS / MANUT;19;0;0;0;0;0;ZMBT;FZDS0200;DEP. PTF ENEL;;0;0;0;0
850734;PLACA DE SINALIZACAO ATENCAO   HOMENS T;BMUB;BMUB;CDA;PTF ENEL / CAMPOS / MANUT;10;0;0;0;0;0;ZMBT;FZDS0700;DEP. PTF ENEL;;0;0;0;0
850737;BOTINA COURO C/CAD N°46;BMUB;BMUB;CDA;PTF ENEL / CAMPOS / MANUT;7;0;0;0;0;0;ZMBT;FZDP0400;DEP. PTF ENEL;;0;0;0;0
850738;CAMISA RETARDANTE CHAMA LONG XGG;BMUB;BMUB;CDA;PTF ENEL / CAMPOS / MANUT;1;0;0;0;0;0;ZMBT;FZDP0900;DEP. PTF ENEL;;0;0;0;0
850740;PLACA DE ADVERTENCIA (SINALIZACAO PARA P;BMUB;BMUB;CDA;PTF ENEL / CAMPOS / MANUT;95;0;0;0;0;0;ZMBT;FZDS0700;DEP. PTF ENEL;;0;0;0;0
850807;PROTETOR AUDITIVO 3 FLANGES COM CORDAO;BMUB;BMUB;CDA;PTF ENEL / CAMPOS / MANUT;199;0;0;0;0;0;ZMBT;FZDP0800;DEP. PTF ENEL;;0;0;0;0
850968;BANDEIROLA SINALIZACAO NYLON 40X30 EMS04;BMUB;BMUB;PEÇ;PTF ENEL / CAMPOS / MANUT;27;0;0;0;0;0;ZMBT;FZDS0700;DEP. PTF ENEL;;0;0;0;0
851092;CINTA AMARRACAO CARGA C/CATRAC 50MMX9 4T;BMUB;BMUB;UN;PTF ENEL / CAMPOS / MANUT;21;0;0;0;0;0;ZMBT;FZDS0200;DEP. PTF ENEL;;0;0;0;0
860344;FITA ISOL AUTOFUS 19MMX10M PM BR220.02;BMUB;;RLL;PTF ENEL / CAMPOS / MANUT;0;10;0;0;10;0;ZMBT;FCMI0400;;;0;0;0;0
890041;CINTO OPERACIONAL MASCULINO ET HS 55;BMUB;BMUB;CDA;PTF ENEL / CAMPOS / MANUT;2;0;0;0;0;0;ZMBT;FZDP0900;DEP. PTF ENEL;;0;0;0;0
910109;CAVALETE     ;BMUB;BMUB;UN;PTF ENEL / CAMPOS / MANUT;4;0;0;0;0;0;ZMBT;FZDS0200;DEP. PTF ENEL;;0;0;0;0
9900000068;PINCEL MARCADOR QUADRO BR AZ INDIV;BMUB;BMUB;UN;PTF ENEL / CAMPOS / MANUT;4;0;0;0;0;0;ZCNC;FEIN1100;DEP. PTF ENEL;;0;0;0;0
9900000319;PINCEL MARCADOR QUADRO BR VM INDIV;BMUB;BMUB;UN;PTF ENEL / CAMPOS / MANUT;5;0;0;0;0;0;ZCNC;FEEM0701;DEP. PTF ENEL;;0;0;0;0
9900000320;PINCEL MARCADOR QUADRO BR PT INDIV;BMUB;BMUB;UN;PTF ENEL / CAMPOS / MANUT;4;0;0;0;0;0;ZCNC;FELC1102;DEP. PTF ENEL;;0;0;0;0
9900000513;COLHER DE PEDREIRO;BMUB;BMUB;UN;PTF ENEL / CAMPOS / MANUT;3;0;0;0;0;0;ZCNC;FELC1102;DEP. PTF ENEL;;0;0;0;0
9900001553;OLEO LUB. 15W 40/01LT.MOBIL;BMUB;BMUB;UN;PTF ENEL / CAMPOS / MANUT;2;0;0;0;0;0;ZCNC;FECA0302;DEP. PTF ENEL;;0;0;0;0
9900002629;FITA SINALIZACAO C/ CARRETEL 40MT;BMUB;BMUB;M;PTF ENEL / CAMPOS / MANUT;15;0;0;0;0;0;ZCNC;FZDS0700;DEP. PTF ENEL;;0;0;0;0
9900004348;CAMERA VEIC P/MONIT 129X50X35MM XDRIVEN;BMUB;BMUB;UN;PTF ENEL / CAMPOS / MANUT;4;0;0;0;0;0;ZCNC;FOMU0500;DEP. PTF ENEL;;0;0;0;0
9900004799;VELA IGNICAO;BMUB;BMUB;UN;PTF ENEL / CAMPOS / MANUT;40;0;0;0;0;0;ZCNC;FZAU0100;DEP. PTF ENEL;;0;0;0;0
9900004815;KIT CONTENCAO EMERG AMBIENTAL ABSORV LIQ;BMUB;BMUB;KIT;PTF ENEL / CAMPOS / MANUT;6;0;0;0;0;0;ZCNC;FZDS0200;DEP. PTF ENEL;;0;0;0;0
9900005519;DINAMOMETRO 500 DAN;BMUB;BMUB;PEÇ;PTF ENEL / CAMPOS / MANUT;2;0;0;0;0;0;ZCNC;FZAU0800;DEP. PTF ENEL;;0;0;0;0
9900005533;GUINCHO MANUAL;BMUB;BMUB;PEÇ;PTF ENEL / CAMPOS / MANUT;1;0;0;0;0;0;ZCNC;FZAU0800;DEP. PTF ENEL;;0;0;0;0
9900005535;SUPORTE GUIA COM DUAS ROLDANAS;BMUB;BMUB;PEÇ;PTF ENEL / CAMPOS / MANUT;6;0;0;0;0;0;ZCNC;FZAU0800;DEP. PTF ENEL;;0;0;0;0
9900010325;TALCO INDUSTRIAL;BMUB;BMUB;KG;PTF ENEL / CAMPOS / MANUT;90;0;0;0;0;0;ZCNC;FZAU0200;DEP. PTF ENEL;;0;0;0;0
9900010338;COBERTURA BORRACHA T MANGUEIRA 25 4X1372;BMUB;BMUB;UN;PTF ENEL / CAMPOS / MANUT;8;0;0;0;0;0;ZCNC;FCPA0300;DEP. PTF ENEL;;0;0;0;0
9900011146;SABRE 30CM 1 1MM (STIHL);BMUB;BMUB;UN;PTF ENEL / CAMPOS / MANUT;8;0;0;0;0;0;ZCNC;FZAU0100;DEP. PTF ENEL;;0;0;0;0
9900011270;CORRENTE PARA MOTOSSERRA DUC 254 MAKITA;BMUB;BMUB;UN;PTF ENEL / CAMPOS / MANUT;39;0;0;0;0;0;ZCNC;FEME0100;DEP. PTF ENEL;;0;0;0;0
9900011274;SABRE PARA MOTOSSERRA DUC 353 MAKITA;BMUB;BMUB;UN;PTF ENEL / CAMPOS / MANUT;45;0;0;0;0;0;ZCNC;FZAU0100;DEP. PTF ENEL;;0;0;0;0
9900011909;PINO P/ ISOLADOR 25KV M16X300X100MM;BMUB;BMUB;UN;PTF ENEL / CAMPOS / MANUT;17;0;0;0;0;0;ZCNC;FEIT0102;DEP. PTF ENEL;;0;0;0;0
9900012376;RECOLHEDOR P FITA DE SINALIZACAO;BMUB;BMUB;UN;PTF ENEL / CAMPOS / MANUT;3;0;0;0;0;0;ZCNC;FZDP1000;DEP. PTF ENEL;;0;0;0;0
9900012532;CALCA MALHA FR  RISCO 2  TAM M  ET HS 55;BMUB;BMUB;PEÇ;PTF ENEL / CAMPOS / MANUT;1;0;0;0;0;0;ZCNC;FZDS0700;DEP. PTF ENEL;;0;0;0;0
9900012541;COLETE REFLETIVO  LARANJA  TAM G;BMUB;BMUB;PEÇ;PTF ENEL / CAMPOS / MANUT;20;0;0;0;0;0;ZCNC;FZDP0900;DEP. PTF ENEL;;0;0;0;0
9900012546;DETECTOR PRESEN CONT 20 80KV ET HS 81;BMUB;BMUB;UN;PTF ENEL / CAMPOS / MANUT;3;0;0;0;0;0;ZCNC;FZDP0900;DEP. PTF ENEL;;0;0;0;0
9900012602;PROTETOR AURICULAR TIPO PLUGUE  3 FLANGE;BMUB;BMUB;UN;PTF ENEL / CAMPOS / MANUT;20;0;0;0;0;0;ZCNC;FZDS0700;DEP. PTF ENEL;;0;0;0;0
9900012603;FITA IMANTADA PARA ROTA DE FUGA;BMUB;BMUB;UN;PTF ENEL / CAMPOS / MANUT;18;0;0;0;0;0;ZCNC;FZDS0700;DEP. PTF ENEL;;0;0;0;0
9900013860;CAMISA SOCIAL TAM XXG MASCULINO;BMUB;;UN;PTF ENEL / CAMPOS / MANUT;0;2;0;0;2;0;ZCNC;FZDP0900;;;0;0;0;0
9900013926;JAQUETA UNISSEX TAM M;BMUB;;UN;PTF ENEL / CAMPOS / MANUT;0;2;0;0;2;0;ZCNC;FZDS0200;;;0;0;0;0
9900013927;JAQUETA UNISSEX TAM G;BMUB;;UN;PTF ENEL / CAMPOS / MANUT;0;13;0;0;13;0;ZCNC;FZDS0200;;;0;0;0;0
9900013928;JAQUETA UNISSEX TAM GG;BMUB;;UN;PTF ENEL / CAMPOS / MANUT;0;9;0;0;9;0;ZCNC;FZDS0200;;;0;0;0;0
9900013929;JAQUETA UNISSEX TAM XG;BMUB;;UN;PTF ENEL / CAMPOS / MANUT;0;3;0;0;3;0;ZCNC;FZDS0200;;;0;0;0;0
990226;QDP FIBRA BARRAMENT 407A 16 240MM2 ET897;BMUB;BMUB;PEÇ;PTF ENEL / CAMPOS / MANUT;6;0;0;0;0;0;ZMBT;FEAT0106;DEP. PTF ENEL;;0;0;0;0
990243;PARA RAIOS DH T POL 12KV E GSCC016/03;BMUB;BMUB;PEÇ;PTF ENEL / CAMPOS / MANUT;290;0;0;0;0;0;ZMBT;FESC0106;DEP. PTF ENEL;;0;0;0;0
990257;CONEC PERF AL CU 50 150 2 5 35 GSCC020/9;BMUB;BMUB;PEÇ;PTF ENEL / CAMPOS / MANUT;36;0;0;0;0;0;ZMBT;FELC0900;DEP. PTF ENEL;;0;0;0;0
990292;ISOL.ANC 36KV CS70CT125/1250555 GSCC10/2;BMUB;BMUB;PEÇ;PTF ENEL / CAMPOS / MANUT;3;0;0;0;0;0;ZMBT;FEIT0102;DEP. PTF ENEL;;0;0;0;0
990293;ISOL.ANC 24KV CS70CT125/900 425 GSCC10/1;BMUB;BMUB;PEÇ;PTF ENEL / CAMPOS / MANUT;6;0;0;0;0;0;ZMBT;FEIT0102;DEP. PTF ENEL;;0;0;0;0
990323;CABO CONCENTR 0.6/1.0 1X6+6C GSCC014/01;BMUB;BMUB;M;PTF ENEL / CAMPOS / MANUT;1240;0;0;0;0;0;ZMBT;FZDP0600;DEP. PTF ENEL;;0;0;0;0
990362;TP EXT 13 8 11 4 0 11KV 250VA GSCT4/31;BMUB;BMUB;PEÇ;PTF ENEL / CAMPOS / MANUT;3;0;0;0;0;0;ZMBT;FETM2301;DEP. PTF ENEL;;0;0;0;0
